user_id,name,email,street,city,state,join_date,bio,certification,rating
501,Shawn Edwards,nancyjones@example.net,67266 Ford Spur Suite 158,West Davidland,Kansas,2025-07-23,Agent race stop wish type tree news different executive anyone bill.,Pet Hygienist,4.4
502,Patrick Porter,romerolarry@example.org,8273 Salinas Ports Suite 131,East Kimberly,Hawaii,2025-08-31,Office music foreign blue power degree adult one recognize method girl someone.,Pet Hygienist,2.9
503,Samuel Harding,jennifer97@example.net,0939 Little Unions Suite 691,East Mirandafort,Alabama,2025-05-30,Continue their bank community minute section animal ten mention position.,Pet Hygienist,4.5
504,Sharon Wells,wanda75@example.net,4395 Daniel Summit,Brownhaven,Virginia,2024-10-29,Foreign fund understand spend window drug particularly name.,Pet Hygienist,4.5
505,Raymond Mooney,kimberlysummers@example.org,7446 Sean Vista,Jamesport,Alaska,2024-05-19,Up open spring listen item build painting.,Certified Stylist,3.1
506,Jessica Johnson,qvaughn@example.net,6665 Pamela Crossroad Suite 630,East Elaine,Missouri,2025-10-03,Court while human right style avoid dream.,Master Groomer,3.7
507,Michelle Olson,wattszachary@example.net,0724 Brian Locks Apt. 113,Rossberg,Tennessee,2025-04-08,Off bad space number international enough at.,Pet Hygienist,3.7
508,Angela Baker,duanedavis@example.org,39515 David Estates,Sarahchester,Colorado,2024-11-24,Man I human capital south report require rich.,Certified Stylist,4.3
509,Bonnie Harris,joseph16@example.org,1852 Garcia Terrace Suite 079,Kellytown,California,2025-03-20,Kind student defense maybe thus office fine coach finally exactly.,None,4.5
510,William Edwards,mhayes@example.com,87357 Kathleen Crest Apt. 215,Annechester,Arizona,2023-12-17,Fire officer family physical but chance standard thousand food able outside concern improve.,Master Groomer,2.9
511,Mrs. Molly Terrell,kaustin@example.com,358 Ronald Brooks,West Lawrenceland,Oregon,2023-12-25,Computer rise minute against home whole relate.,Certified Stylist,2.3
512,Debra Fisher,matthewlawrence@example.com,46615 Tyrone Courts,East Jasminehaven,Texas,2025-07-27,Friend argue cut movement general before note participant you whatever detail.,Pet Hygienist,3.0
513,Oscar Chase,nguyenangela@example.net,330 Chad Unions,South Coreyburgh,Utah,2024-11-26,School break number same lawyer try detail present wonder out draw.,None,4.0
514,Eddie Hernandez,vancejeffery@example.com,6695 Lori Path,Jessicamouth,Louisiana,2024-01-30,Power lead lose actually put though business ago moment reason late through candidate.,Pet Hygienist,4.2
515,Andrew Mora,david14@example.net,929 Perez Wells,Santostown,Idaho,2024-06-27,Now life which green wait hotel individual that today people hospital though democratic.,Pet Hygienist,3.0
516,Lisa Moses,emilycampbell@example.net,47465 Beck Creek,Michaelbury,Oklahoma,2025-04-24,Specific southern increase continue design need us purpose would soon drop claim century.,Master Groomer,4.1
517,Evelyn Miller,perezkathleen@example.net,6047 Wyatt Trafficway Apt. 708,North Thomas,Utah,2024-07-20,Prepare available face someone garden though them plan father discuss create stage executive send.,Pet Hygienist,3.0
518,Morgan Powell,torresdalton@example.com,0516 Joshua Courts Suite 544,Amandaborough,New Hampshire,2024-03-07,Responsibility instead quality throughout well consider tree establish street history election son none.,Certified Stylist,4.7
519,Aaron Davies,connieburnett@example.org,0242 Debra Path Apt. 825,Boonestad,Rhode Island,2024-01-16,Walk in professor yard wonder window.,None,2.6
520,Erik Adkins,lisamoore@example.org,264 Kevin Locks,Rodriguezchester,Arkansas,2025-03-18,Somebody something member coach and within.,Pet Hygienist,3.8
521,Dr. Meagan Yates,whitesheri@example.org,8233 Karen Extension,West Lanceside,Texas,2024-06-26,Story summer fire pressure choice ever true population trade agency.,None,4.0
522,Angela Crawford,davisandrew@example.com,68933 Johnson Parks Suite 767,Townsendville,West Virginia,2024-11-21,Whom drop listen change evidence because reduce authority smile billion bring wife.,Master Groomer,2.1
523,Kevin Boyd,brownchristina@example.com,927 Watkins Ridge,Bernardstad,Virginia,2025-10-29,Score loss system mind want available ready hear partner who.,Pet Hygienist,2.1
524,Olivia Perry,hughesmallory@example.com,39211 Erika Island,Lopeztown,Pennsylvania,2025-05-01,Popular guy reason certainly little music leader last.,Pet Hygienist,3.5
525,Mark Cook,jennifer40@example.net,44445 Henson Brook,Jessehaven,Texas,2025-02-10,Direction whether significant subject try pick level.,Master Groomer,4.7
526,Mark Collins,zperez@example.com,5383 Patricia Centers,Lake Amanda,Georgia,2025-05-22,Account a because range make long agent side baby measure while skill.,Master Groomer,2.3
527,Craig Davis,drakemarc@example.org,1608 Matthew Lights Suite 402,Pattersonchester,Maryland,2023-11-29,Require example last prove ahead something character even rock some top court.,Master Groomer,4.9
528,Benjamin Burke,diazsusan@example.com,91971 Russell Road Apt. 184,Leblancborough,Georgia,2024-08-22,Art house goal movement expect feel maybe.,Pet Hygienist,2.4
529,Matthew Sutton,beckjoshua@example.com,00813 Teresa Dale Apt. 171,New David,Minnesota,2024-11-02,Gun left can economic item tree strategy treatment just edge over scientist.,Pet Hygienist,2.9
530,Samuel Davidson,garzajeremiah@example.org,1464 Herrera View,East Natashafort,Minnesota,2025-05-18,Throughout attorney participant change why bill factor address eat face knowledge.,Certified Stylist,4.7
531,William Lopez,elizabethhunt@example.net,54132 James Coves Suite 345,South Rodneystad,Kentucky,2023-12-25,Source ground old budget that region campaign employee challenge compare toward structure.,Pet Hygienist,4.9
532,Michelle Nelson,fordwilliam@example.org,386 Lopez Meadows,Collinsview,New York,2025-05-02,Quite behind art rise walk part mother career sure yeah someone.,Pet Hygienist,3.4
533,Mary Manning,joshua10@example.com,24902 Thomas Points,West Tina,New York,2025-11-11,Admit sing difference impact church down land effect up over.,None,4.6
534,Carolyn Wells,robert51@example.org,10481 David Trail,Masseyland,Nebraska,2024-07-25,Play measure force customer concern key PM rather party.,Certified Stylist,2.2
535,Julie Golden,flewis@example.com,024 Monique Lake,South Douglas,Florida,2024-05-03,Side soon protect movie hot any identify.,Master Groomer,4.3
536,Michelle Matthews,gilmoreryan@example.org,3548 Tammy Plaza,Port Janiceborough,North Dakota,2024-06-25,Forget remember special believe close consumer capital customer until stand fly pressure.,None,3.1
537,April Taylor,michaelroberts@example.org,2226 Melissa Lodge Apt. 086,Port Corey,Mississippi,2025-04-19,So agency run north position thousand sport audience school now.,Certified Stylist,4.0
538,Dustin Nicholson,xmeza@example.net,4932 Timothy Cliffs,Ashleymouth,Iowa,2024-07-16,Us policy mean find nation art same skill summer line cost paper parent.,None,4.4
539,Karen Nichols,halejessica@example.org,5984 Michael Course Apt. 356,Lake Johnbury,California,2024-08-05,High across think discuss page early forget purpose.,None,3.2
540,Miguel Williams,jonesdiane@example.org,204 Nathaniel Shore,Danielport,Ohio,2024-05-09,Rule task section else than leg friend.,Master Groomer,2.8
541,Veronica Pierce,ryanpowell@example.org,14825 Oconnor Fall Suite 280,Robertburgh,Utah,2025-02-03,Development talk not director available decade that.,Pet Hygienist,2.4
542,Douglas Douglas,dhunt@example.net,338 Christine Locks,North Patrickchester,Hawaii,2025-01-03,Rich live run someone book provide Congress although guy song effort.,Certified Stylist,5.0
543,Kelly Williams,ashleycline@example.com,2360 Patterson Park Suite 070,East Dawn,Montana,2024-04-27,Test others nothing though figure policy investment main southern campaign need.,Certified Stylist,4.6
544,Shawna Robles,jacquelinerivera@example.net,6650 Adkins Island Apt. 050,Steeleton,Louisiana,2024-01-09,City floor there buy seek maybe clear.,Certified Stylist,4.7
545,Jordan Ewing,alexandernewman@example.net,2064 Ryan Circles,Briantown,New York,2025-07-16,Sing possible activity game black remain owner result.,None,3.4
546,Danielle Jones,timothyperkins@example.net,80700 Yvonne Harbor,Luisbury,Kentucky,2025-11-02,Budget break success ball deal focus dream others true model control themselves.,Certified Stylist,2.6
547,Dr. Kimberly Hill DVM,robertgomez@example.com,335 Perry Knoll,Michaelborough,Utah,2024-06-28,Plant Democrat require year marriage apply add give.,Pet Hygienist,4.1
548,Rebecca Horton,henrybrandon@example.org,21036 Johnston Plains,Haasstad,Illinois,2025-08-04,Turn society run miss if son exactly.,None,4.4
549,Louis Jackson,gracewade@example.com,7345 Kevin Trafficway,Davisside,New York,2025-04-16,Send area song arm action third oil choose.,Pet Hygienist,4.6
550,Anthony Schneider,davidrussell@example.org,4055 Gallagher Mall,Kirbyhaven,New York,2024-12-29,Bad western last record near something where down maintain else.,Pet Hygienist,3.8
551,Philip Greer,iscott@example.net,3835 Miller Union,Brewerfort,Maryland,2024-09-26,Serve compare current trip spend shake base heart wife still laugh.,Certified Stylist,3.0
552,Nicole Schroeder,jamessantiago@example.org,2858 Brown Trace Suite 727,Port Hayleymouth,Alabama,2024-09-07,Idea young outside short treat her occur those huge center foot.,Master Groomer,3.9
553,Shannon Ramirez,vrodriguez@example.com,176 Jonathan Neck Suite 086,Websterton,Virginia,2023-12-28,Data threat at site you far month actually amount play.,Certified Stylist,3.9
554,Ryan Ferguson,martinkatie@example.com,564 King Divide Suite 906,Scottstad,Oklahoma,2024-03-13,Form chair trip next will health some father return sense game dream street.,Master Groomer,3.6
555,Dylan Nelson,rebeccaclark@example.com,719 Reed Oval Suite 011,Hopkinsport,Oregon,2024-06-25,War skill discussion education skin attack dark upon determine them.,Certified Stylist,2.8
556,Michael Perez MD,kyle65@example.net,6429 Castillo Court,East Mark,Michigan,2025-09-20,Culture player tend read well try involve base.,Master Groomer,3.6
557,Jennifer Miller,nyoder@example.org,7866 Marquez Spur Apt. 013,New Timothy,New Mexico,2025-09-11,Federal candidate identify work health them down its expect determine those machine.,None,3.4
558,Raymond Martin,jon38@example.net,967 Spencer Drive,Jenniferfurt,Florida,2024-06-27,Long front upon off today area arrive bed general.,Pet Hygienist,2.9
559,Michael Hall,robertmolina@example.net,7843 Lyons Mall Suite 468,Danielsburgh,Ohio,2025-04-25,Former list employee surface even all individual up writer a movie tonight.,Certified Stylist,2.9
560,Jennifer Baker,michaelparker@example.org,593 Lisa Mission Apt. 995,Hernandezton,Oklahoma,2025-10-22,Information free religious above president edge believe.,None,4.1
561,Chad Williams,evelynhernandez@example.com,759 Thomas Islands Apt. 389,Goodwinville,Arkansas,2025-01-25,Artist PM now have pretty event note by growth administration include admit hear.,None,3.9
562,Wesley Pruitt,melissalee@example.com,4856 Nathan Pass,West Kristenmouth,West Virginia,2024-01-18,Alone rock only worker word show training provide line.,Certified Stylist,2.8
563,Danielle Sanders,michaeldavis@example.com,3137 Megan Club,Jaredfort,North Dakota,2024-08-14,Case condition but challenge tell college life artist son water.,Certified Stylist,4.9
564,Andrew Sanchez,alexandracrawford@example.net,06446 Virginia Parks,North Jenniferfurt,West Virginia,2024-04-24,Read activity deal people action or great.,Certified Stylist,3.4
565,Kenneth Curry,nancy16@example.net,6543 Nelson Rest Apt. 900,Garzachester,Nevada,2024-04-29,Return question road large out can language we less.,Master Groomer,4.8
566,Alex Brown,hpowers@example.com,450 Perry Locks Suite 273,North Crystal,Idaho,2025-06-27,Rate place tonight thank best important see laugh.,None,3.2
567,Tina Morgan,rnunez@example.org,4905 Warren Garden,Middletonhaven,Ohio,2024-07-30,Stock energy painting sign back staff collection I seek.,Master Groomer,3.6
568,Jesse Bowman,kayladixon@example.com,9301 Johnson Trail Suite 600,Adamsberg,Mississippi,2025-03-17,Purpose discuss free bag pattern reduce child.,Master Groomer,2.4
569,Steve Davis,solisjames@example.com,48486 Kelly Plains,East Shawn,New York,2025-11-10,Blood agency writer ten fall inside never morning not.,Pet Hygienist,2.9
570,Regina Sandoval,alexandrajones@example.org,18146 Williams Coves Suite 308,Rachelhaven,Illinois,2025-05-31,Care I free billion thus other century while role answer.,Pet Hygienist,4.4
571,Laura Clarke,fmccoy@example.org,116 Hudson Land,Contrerasport,Nebraska,2024-11-20,Term writer management raise her pull red visit end.,None,3.2
572,Alexis Butler,patricia13@example.com,0106 Clark Bridge Apt. 984,West Nicholas,Rhode Island,2025-08-02,Hospital sell guess above win recognize real discuss cover tell project fact.,None,2.8
573,Michelle Andrade,rebecca03@example.org,9000 Noah Cape,Port Jonathanport,New Jersey,2025-03-09,Congress give return hospital forward occur course herself month wonder over somebody indeed.,Certified Stylist,3.6
574,Raymond Beard,bradleytaylor@example.org,2824 Joshua Turnpike Suite 297,New Johnmouth,Hawaii,2024-03-13,Yet personal do also year purpose eat serious indeed.,Master Groomer,3.2
575,Sheryl Watkins,debra68@example.org,72880 Fletcher Camp Suite 607,Lake Dylanstad,Tennessee,2025-10-03,Dog official same employee leader indicate within.,Pet Hygienist,2.8
576,Mario Robinson,robynrobinson@example.net,318 Blackburn Knoll Apt. 663,Butlermouth,North Carolina,2024-11-29,Actually must become likely finally record long want learn everybody when Mrs gas.,Pet Hygienist,4.8
577,Alexander Jackson,heather74@example.org,517 Ayers Curve Apt. 986,North Jessicatown,Minnesota,2024-06-24,Might example article teacher no bit project available authority meet participant page.,Certified Stylist,2.8
578,Nicholas Carpenter,pflores@example.org,19767 Gonzalez Meadows,East Danieltown,New Mexico,2025-07-11,Administration manager chance sell leg let investment identify say around land blue cup.,Pet Hygienist,3.2
579,Megan Norton,patriciayu@example.net,66753 Dalton Road Apt. 222,West Lynnstad,Colorado,2024-06-29,Week away test agent approach we food easy already language tend process prove.,Master Groomer,5.0
580,Tara Small,swinters@example.org,7442 Jeff Plaza Apt. 927,Griffinberg,California,2025-04-07,Be add fine reflect yes pattern other visit argue including find.,Pet Hygienist,4.3
581,Patricia Taylor,longtommy@example.com,62671 Rodriguez Street Suite 713,Sparksville,Michigan,2024-02-03,Return go reveal success seek south require occur media.,Certified Stylist,5.0
582,Misty Chan,richardsmith@example.org,67331 Johnson Ville Suite 985,West Jennifer,Illinois,2024-04-24,Beat along though to key ago everything station.,Pet Hygienist,3.1
583,Kristen Brown,dmorgan@example.com,316 Marshall Parks Suite 009,South Raymond,Oklahoma,2023-12-28,Mother point recent soldier major town world its.,Master Groomer,4.8
584,Robin Palmer,tanner78@example.org,8825 Harper Stream,Suttonfort,New Jersey,2024-03-10,Successful wait card near do walk though law leg tonight exactly happen beat.,Master Groomer,3.7
585,Danielle Franco,lbeasley@example.org,2601 Miller Centers,Lake Jonathanstad,Delaware,2025-06-02,Nation traditional consider street some worker back.,Master Groomer,4.9
586,Helen Sims,sevans@example.org,71522 Braun Springs Suite 878,Reedborough,Texas,2024-02-20,Including edge record green them power campaign month.,Certified Stylist,3.1
587,Andrew Davis,xprice@example.org,5946 Morrow Ports Suite 563,North Susanbury,Florida,2024-02-10,Add edge someone just value trip include old.,Pet Hygienist,4.0
588,Lucas Wise,joneschad@example.org,232 Ana Courts,Port Melissa,Iowa,2024-02-22,Congress book possible represent itself three always bag future ten him race.,Master Groomer,3.3
589,Brandon Jenkins,holmescarla@example.com,241 White Drives Suite 367,East Susan,Colorado,2024-05-31,Keep impact interest when without board home late approach increase blood simply.,Pet Hygienist,2.0
590,Louis Wilkerson,zacharyparker@example.com,8032 Lisa Freeway,Perezbury,Tennessee,2025-08-11,Resource yet economy seven talk he suggest each.,Pet Hygienist,3.7
591,Johnny Doyle,maciasnicole@example.org,763 Colleen Light,Josephport,Delaware,2025-04-15,National woman behavior beat account serve.,Certified Stylist,4.9
592,Catherine Roberts,tylermitchell@example.org,77843 Morales Turnpike,Davisshire,Idaho,2024-12-08,Result open shake whose hand anything product class number.,Pet Hygienist,4.1
593,Tammy Morgan,joseph94@example.com,58949 Holder Mews,South Tonyport,Connecticut,2024-04-16,Me production experience voice alone age move scene population measure find position member trouble.,Certified Stylist,2.9
594,Amy Padilla,ashleyingram@example.net,18558 Jason Ville,Port Teresa,Maine,2024-05-28,Art shoulder skill professor animal build.,Pet Hygienist,4.9
595,David Salazar,samanthadavis@example.org,76330 Duke Row,Jacksonfurt,Tennessee,2024-07-14,Fall artist degree almost range business.,None,3.2
596,Melvin Stone,rodriguezjessica@example.com,94455 Billy Turnpike,East Luishaven,Missouri,2024-07-22,Alone town place throw most seven door these.,Certified Stylist,3.8
597,Emily Mendoza,dreyes@example.org,19567 Sheila Motorway,West Matthew,Nebraska,2025-07-03,Budget name medical sea bring agent yourself focus course move.,Certified Stylist,4.0
598,Katherine Nguyen,knappkim@example.com,7167 Nicole Park,Jacksonton,California,2025-07-02,Table reason save area find arrive world choice player long something million own.,Master Groomer,4.8
599,David Roberts,jasonjohnson@example.net,92247 Rodney Shoal Suite 179,West Cameron,Florida,2024-09-02,Weight water suddenly audience determine strategy you involve especially year.,None,2.3
600,Angela Harris,cookdakota@example.net,3135 Knight Neck Apt. 577,Port Dianefort,Montana,2025-08-11,Any blood again that size thing woman.,Master Groomer,3.1
