user_id,name,email,street,city,state,join_date,payment_info
1,Christina Wright,taylorbrown@example.net,627 Walls Knolls Apt. 495,Michaelville,Vermont,2024-01-23,JCB 16 digit
2,Adam Figueroa,amber46@example.net,843 King Orchard Apt. 014,Michaelville,Michigan,2025-11-22,Mastercard
3,James Wilson,mpowell@example.net,1097 Mckay Gateway Apt. 795,Michaelville,Oklahoma,2023-12-21,Mastercard
4,Leslie Lawrence,mary44@example.org,93583 Ramos Brook,Michaelville,Vermont,2024-10-05,JCB 16 digit
5,Mark Hunter,fbrown@example.com,065 Jones Garden Apt. 872,Michaelville,Maryland,2025-06-09,Diners Club / Carte Blanche
6,Kevin Smith,lisafarmer@example.org,147 Jeffery Courts Suite 654,Michaelville,Florida,2024-02-20,Diners Club / Carte Blanche
7,Mark Moore,vjefferson@example.net,935 Smith Falls,Michaelville,Texas,2024-03-23,JCB 15 digit
8,Jeffrey Olson,lisawilson@example.com,2571 Olson Points,Michaelville,Wisconsin,2024-05-23,VISA 19 digit
9,Michael Hoffman,heather44@example.com,1309 John Mills Apt. 615,Michaelville,Virginia,2025-09-29,Maestro
10,Dawn Nelson,lpatel@example.org,0209 Thomas Summit,Michaelville,Louisiana,2025-03-11,JCB 15 digit
11,James Kelly,thomascooper@example.org,34886 Amanda Lane,Michaelville,Utah,2024-05-04,Diners Club / Carte Blanche
12,Stephanie Rodriguez,romanheather@example.com,790 Jennifer Park Suite 256,Michaelville,Colorado,2025-11-11,JCB 15 digit
13,Kathryn Hall,paul15@example.com,047 Janice Orchard Apt. 700,Michaelville,Michigan,2025-05-27,Maestro
14,Jeffrey Lara,xturner@example.net,4937 Johnson Courts,Michaelville,Nebraska,2024-09-13,JCB 16 digit
15,Robert Gordon,jennifermccarthy@example.com,6598 Mark Club,Michaelville,Arkansas,2024-01-29,Diners Club / Carte Blanche
16,Angel George,johnsonamanda@example.com,268 Hood Village Suite 917,Michaelville,Virginia,2023-12-16,VISA 16 digit
17,George Thomas,kdean@example.com,3187 Manuel Passage Suite 374,Michaelville,Oregon,2024-09-05,Mastercard
18,Pamela Barnes,jessica53@example.net,42106 Latasha Inlet Apt. 141,Michaelville,Iowa,2024-10-21,JCB 16 digit
19,Kara Taylor,leslie03@example.com,58381 Melissa Spurs,Michaelville,Oregon,2024-07-22,JCB 16 digit
20,Ashley Vaughn,christophernelson@example.net,36246 Richmond Village,Michaelville,Maryland,2024-07-15,VISA 19 digit
21,Joseph Morales,garciaandrew@example.com,303 Karen Estate,Michaelville,Colorado,2025-06-05,JCB 15 digit
22,Valerie Chavez,ashley89@example.com,59054 Wells Cliff Suite 779,Michaelville,Vermont,2025-01-23,JCB 15 digit
23,Rhonda Bryan,gwilliamson@example.com,32518 Daniel Haven Apt. 271,Michaelville,Minnesota,2024-08-14,JCB 15 digit
24,Maria Mcmillan,jamiemartinez@example.net,874 Christopher Shoal,Michaelville,Florida,2024-03-04,American Express
25,Jason Adkins,dparks@example.org,789 Diaz Cape Suite 215,Michaelville,Montana,2025-06-16,VISA 19 digit
26,Christopher Caldwell,christina18@example.com,23572 Gordon Village Apt. 035,Michaelville,Wisconsin,2025-11-09,Discover
27,Whitney Ramsey,melissasmith@example.org,1948 Mcintyre Pines Suite 645,Michaelville,Mississippi,2025-08-11,VISA 19 digit
28,Vanessa Page,ray48@example.com,1218 Carl Highway,Michaelville,Iowa,2025-03-12,VISA 16 digit
29,Alison Mcdaniel,joshua30@example.org,5473 Jeff Mountain,Michaelville,Oregon,2024-11-16,Mastercard
30,Linda Delgado,barnettlinda@example.net,815 Bradley Overpass,Michaelville,Washington,2024-03-27,VISA 16 digit
31,Michael Burnett,jane93@example.net,16014 Simpson Ford,Michaelville,Michigan,2024-11-29,JCB 15 digit
32,Hannah Santana,erik97@example.com,9460 Holland Crescent Apt. 100,Michaelville,Oklahoma,2023-11-28,Mastercard
33,Lawrence Hunter,floreschristopher@example.net,1408 Chen Ridge,Michaelville,Kansas,2025-04-07,American Express
34,Michael Valentine DVM,kathryn60@example.net,944 Emma Park,Michaelville,Texas,2025-05-27,Discover
35,Philip Foster,carl97@example.net,6161 King View,Michaelville,Mississippi,2025-07-24,Discover
36,Rachel Johnson,tonyadurham@example.org,975 Justin Fall,Michaelville,Massachusetts,2024-01-14,Maestro
37,William Jones,daniellecrawford@example.com,6430 Travis Path Apt. 879,Michaelville,Montana,2024-10-07,JCB 16 digit
38,Hannah Young,cbenjamin@example.com,095 Cole Shoals,Michaelville,Idaho,2024-05-21,Mastercard
39,Michael Prince MD,linda29@example.org,34523 Fisher Extension,Michaelville,Idaho,2024-02-08,JCB 16 digit
40,Alexis Herman,grayrobert@example.com,0012 Chase Forges,Michaelville,North Dakota,2024-07-09,VISA 19 digit
41,Karen Davis,julie07@example.com,96636 Zamora Crossing,Michaelville,Minnesota,2025-08-09,VISA 16 digit
42,John Morris,dward@example.org,7746 Elizabeth Prairie,Michaelville,North Dakota,2025-03-18,Mastercard
43,Evan Carpenter,heidisparks@example.com,479 Wilson Mountain,Michaelville,Hawaii,2024-12-27,VISA 13 digit
44,Jason Tapia,awashington@example.com,88839 Amy Brook,Michaelville,Massachusetts,2024-12-17,VISA 19 digit
45,Roy Simmons,connievasquez@example.net,033 Thomas Parkway Apt. 931,Michaelville,Arkansas,2024-10-16,Diners Club / Carte Blanche
46,Ann Blair,lwang@example.org,72605 John Square Suite 442,Michaelville,North Dakota,2024-10-08,Diners Club / Carte Blanche
47,Henry Boone,wendybanks@example.com,89092 David Extension Apt. 702,Michaelville,Oklahoma,2025-01-16,American Express
48,William Wiley,john95@example.com,56855 Taylor Villages,Michaelville,Kentucky,2024-11-14,VISA 19 digit
49,Diane Scott,andrewmitchell@example.net,3012 Dominique Meadow Apt. 505,Michaelville,New Hampshire,2025-02-24,Discover
50,Jessica Bailey,robertkim@example.org,634 Leblanc Well Apt. 353,Michaelville,North Carolina,2025-11-03,JCB 16 digit
51,Ashley Cook,nbutler@example.net,73827 Cynthia Groves,Mathewsburgh,Maryland,2025-03-14,JCB 16 digit
52,Michael Cook,hernandezjulia@example.com,18772 Andrea Park Suite 663,Mindyport,Iowa,2024-08-10,Mastercard
53,Gary Ruiz,anthonywarren@example.net,7613 Buckley Lights Suite 366,South Christopher,Texas,2024-12-05,JCB 16 digit
54,Todd Galvan,mary35@example.net,3436 Jenny Bridge Suite 060,South Josehaven,Nevada,2024-04-20,JCB 16 digit
55,Darrell Turner,gonzalezjessica@example.com,0070 Kelly Groves Apt. 827,Tashastad,Virginia,2024-04-16,VISA 13 digit
56,Danielle Rogers,wsnyder@example.org,07437 Gonzalez Place,Port Andrew,Tennessee,2024-05-01,VISA 16 digit
57,Olivia Acosta,debra74@example.com,308 Beltran Ways,Robinsonview,Vermont,2024-01-07,JCB 15 digit
58,Katherine Miller,probinson@example.com,12510 Mitchell Crossing Suite 176,Waltonburgh,South Carolina,2024-04-03,American Express
59,Alex Morris,olivia91@example.org,523 Coleman Parkway,Lake Peter,Illinois,2025-04-08,JCB 15 digit
60,Joshua Thompson,jasminmcdonald@example.com,4776 Daniel Station Apt. 707,Rogersville,Iowa,2024-12-22,VISA 16 digit
61,Daniel Barnes,gromero@example.org,0632 Griffin Course,Jessicafurt,Oregon,2024-06-15,JCB 15 digit
62,Joy Wang,andrewfrazier@example.com,57114 Alyssa Prairie Suite 004,Jenkinsville,Utah,2025-07-29,VISA 13 digit
63,James Stewart,lindsey70@example.org,489 Rice Pass Suite 879,North Kendrachester,Pennsylvania,2025-01-03,VISA 16 digit
64,Hayden Taylor,wross@example.com,3807 George Camp Suite 300,East Juliefort,Washington,2025-05-03,American Express
65,Taylor Carr,baileyshannon@example.org,8774 Smith Bypass Apt. 724,South Linda,Indiana,2024-08-23,JCB 16 digit
66,Yvonne Clark,jonathan70@example.org,6640 Fisher Isle Suite 805,West Tanyaborough,West Virginia,2024-07-16,American Express
67,Jeffrey Ramos,woodcharles@example.net,61613 Erin Viaduct Apt. 794,Wadeton,Colorado,2024-11-17,VISA 16 digit
68,Alan Peterson,hessedward@example.com,1623 Lee Vista,North Donna,New York,2024-05-13,American Express
69,Diane Knight,jessica00@example.net,304 Hannah Rapid Apt. 912,East Lindsey,New York,2024-10-13,Discover
70,Kevin Nguyen,jennifer20@example.com,390 Willie Springs,West Marychester,California,2025-08-02,Discover
71,Nicole Ramos,andrewwilson@example.com,757 Gomez Shores,Karashire,Montana,2025-09-23,JCB 16 digit
72,Kevin Odom,darren72@example.com,22840 Loretta Mountains Suite 332,Gonzalezfort,Virginia,2025-09-12,VISA 19 digit
73,Gilbert Farrell,daniel93@example.com,31808 Gutierrez Valley,Judymouth,Colorado,2025-01-13,Maestro
74,Christian Branch,yroberts@example.net,34766 Alexis Key,Lake Patrickstad,West Virginia,2025-10-15,American Express
75,Ms. Samantha Mason MD,hfitzpatrick@example.com,8946 Mccormick Stream Suite 050,Port Renee,North Dakota,2025-10-01,VISA 16 digit
76,Timothy Crawford,sylvia23@example.net,1362 Robert Mall,New Cassandrahaven,Iowa,2025-01-22,VISA 16 digit
77,Sandra Diaz,jessicajenkins@example.com,37076 Laura Divide Suite 465,North Lukeborough,Georgia,2024-04-24,Diners Club / Carte Blanche
78,Eileen Acosta,daniellezimmerman@example.org,11036 Jacqueline Well Suite 953,South Kathleenfurt,Montana,2025-06-05,Discover
79,Logan White,othomas@example.com,785 Beltran Road Suite 300,Davidchester,Oregon,2024-08-08,American Express
80,Noah Hubbard,edward69@example.net,38797 Mitchell Fields,North Donald,North Dakota,2025-05-29,VISA 19 digit
81,Melissa Leach,osmith@example.net,0380 Kimberly Drive,New Jameston,South Carolina,2024-07-24,Discover
82,Scott Williams,slopez@example.org,168 Erin Walks Apt. 436,New Wendyshire,Arkansas,2025-04-11,Mastercard
83,Melissa Mora,williamsjoyce@example.net,148 Wilson Falls,Levyberg,Texas,2024-08-23,VISA 19 digit
84,Brandon Bowen,ogreene@example.org,8854 Mercado Loaf,Jennamouth,Missouri,2024-08-27,JCB 16 digit
85,Raymond Greene,flowersbrandon@example.net,47262 Austin Curve Suite 197,West Karenbury,Arizona,2024-09-13,Mastercard
86,Becky Castillo,charlesthomas@example.org,567 House Drive,Port Paulfurt,Utah,2025-05-09,VISA 16 digit
87,Lisa Campbell,xjones@example.net,215 Gina Crossroad Apt. 293,Nolanfort,Utah,2024-06-09,Maestro
88,Elizabeth Smith,fmartinez@example.org,81566 Cowan Squares,West Brian,Missouri,2025-09-23,VISA 13 digit
89,Joshua Kline,brad00@example.org,767 Burch Land,West Nicolefort,Connecticut,2025-02-12,JCB 16 digit
90,Nicole Williams,bailey19@example.org,59645 Brown Union,West Courtney,Michigan,2024-10-02,Mastercard
91,Laura Miller,ramirezmichael@example.net,4471 Cook Drive,New Matthewstad,Wyoming,2025-09-05,Maestro
92,Amy Padilla,nhernandez@example.org,359 Albert Isle Apt. 050,Wilsonport,Utah,2025-05-18,Discover
93,Jasmine Tucker,mark14@example.org,08563 Warren Knoll Suite 701,Kristinastad,New York,2025-05-18,VISA 13 digit
94,Michael Cook,amanda62@example.net,466 Maria Loop,Jasonville,Colorado,2025-10-21,Discover
95,Victor Hernandez,steelethomas@example.com,071 Sutton Neck Suite 463,Phillipsport,Hawaii,2024-10-12,American Express
96,Margaret Williamson,sarahgross@example.org,095 Blanchard Roads,New James,Arkansas,2025-07-28,Discover
97,Arthur Hayes,harrisonnicholas@example.org,76026 Morrison Stravenue Suite 196,Mendozaberg,Hawaii,2025-07-10,American Express
98,David Callahan,jharrington@example.com,86800 Spence Lodge Apt. 640,Montoyaview,New Jersey,2025-08-20,VISA 16 digit
99,Alexander Lopez,banderson@example.com,680 Colton Oval,Benjaminfurt,Illinois,2025-08-09,Maestro
100,Stephanie Wells,justinhooper@example.org,59121 Thompson Dam,East Lauren,Nebraska,2025-06-08,Diners Club / Carte Blanche
101,Andrea Lawson,erik71@example.com,781 Hall Mount,Romeroport,Washington,2024-05-03,JCB 16 digit
102,Sara Gonzalez,vperez@example.org,3182 Eric Forks,Port Nicole,Indiana,2025-05-14,JCB 15 digit
103,Jose Black,walter06@example.com,41319 Nicholas Radial Suite 350,East Billside,Wyoming,2025-06-22,JCB 16 digit
104,Jamie Sutton,jacqueline13@example.org,0712 Joseph Point,South Danamouth,Michigan,2024-06-27,JCB 16 digit
105,Nicole Dodson,jjones@example.org,569 Sanchez Stream Apt. 717,New Debra,Vermont,2024-03-30,Discover
106,Travis Harding,devin91@example.net,46491 Julie Meadows,West Maryton,Utah,2024-01-22,American Express
107,Karen Cross,harrisjacqueline@example.com,797 Jones Ville,Youngborough,Alaska,2025-08-31,Discover
108,Sarah Day,tnorman@example.com,0237 Ward Inlet,Port Roy,Maine,2024-04-17,VISA 19 digit
109,Ashley Ryan,lunaphilip@example.com,0055 Jeffery Wall Suite 199,West Patricia,Utah,2024-03-21,Maestro
110,Kirk Pearson,mayschad@example.net,106 Webster Mountain,Johnhaven,Nebraska,2024-08-16,VISA 16 digit
111,Lauren Johnson,tommygood@example.com,85947 Marcus Wall,South Paulberg,Kansas,2025-07-16,Diners Club / Carte Blanche
112,Amanda Willis,carterdana@example.com,953 Julie Squares Suite 727,Beckyshire,Maine,2024-07-31,Maestro
113,Jennifer Macias,john61@example.org,70050 Cortez Springs Suite 641,Schultzside,Utah,2024-11-17,VISA 16 digit
114,Jaime Jones PhD,rachelatkinson@example.org,39239 Sandra Way,New Timothyshire,Ohio,2025-05-02,Mastercard
115,Travis Hogan,pscott@example.com,8078 Timothy Mission Suite 631,Gwendolynland,Virginia,2024-04-15,Discover
116,Holly Nguyen,anthony76@example.org,628 Ellis Course Apt. 258,Duffyview,Virginia,2025-07-09,Mastercard
117,Julian Brown Jr.,ehughes@example.net,70141 Claudia Light Apt. 995,Coxstad,Arkansas,2024-10-10,Maestro
118,Ethan Cox,ccoleman@example.net,354 Daniel Ferry Apt. 664,Jameston,Rhode Island,2024-07-21,Mastercard
119,Kaitlyn Chavez,ufisher@example.org,0804 Amber Cliffs,North Dawntown,Texas,2024-05-12,Discover
120,Benjamin Fernandez,kmartin@example.net,1268 Perez Skyway,Browntown,Minnesota,2024-06-25,Diners Club / Carte Blanche
121,Jared Davis,rmack@example.com,99928 James Shoal Apt. 699,North Lisaland,Idaho,2023-12-05,Diners Club / Carte Blanche
122,Sabrina Gomez,chaveztyler@example.net,89499 Briggs Spur Apt. 933,South Sandra,New Mexico,2025-04-11,JCB 16 digit
123,Megan Rodriguez,bmartinez@example.org,0812 Woodard Track,Clarkview,Ohio,2024-05-18,VISA 19 digit
124,Jasmine Ramirez,brooksdavid@example.com,04622 Crawford Pines Apt. 833,Lake Christine,Kansas,2024-08-30,VISA 16 digit
125,Adrian Hamilton,hmccormick@example.net,99578 Lisa Plains Suite 667,West Katelynland,Montana,2024-07-15,JCB 15 digit
126,Michael Woods MD,robinsonkenneth@example.com,35968 Shawn Canyon Apt. 823,Kellertown,Oklahoma,2025-08-20,JCB 15 digit
127,Jason Lopez,angelareed@example.com,72953 Nguyen Views Apt. 271,Triciamouth,Maine,2023-12-07,VISA 13 digit
128,Bruce Burton,gross@example.org,51091 Flores Rapid Apt. 475,Port Tammychester,Pennsylvania,2025-03-19,American Express
129,Carol Trujillo,derrickhall@example.net,4467 Mary Crossing,Lake Juan,Florida,2025-06-18,American Express
130,Kathy Bradley,samanthapatterson@example.com,44940 Johnson Lights Suite 628,North Annettefurt,New Mexico,2025-02-03,VISA 16 digit
131,Elizabeth Miller,jreyes@example.com,47155 Barrera Plains,Lake Ashleyville,Kansas,2025-04-09,VISA 13 digit
132,David Boyd,tgraham@example.com,979 Krystal Estates,Avilaborough,Tennessee,2024-02-29,American Express
133,Stephanie Taylor,kdavis@example.net,82613 Hicks Point Apt. 450,East Sherryville,Oregon,2024-01-23,VISA 19 digit
134,Jessica Terry,danielle22@example.com,0324 Bush Forest Apt. 388,West Henry,South Dakota,2025-06-12,VISA 16 digit
135,Jason Malone,lawsondonald@example.com,80134 Hendrix Alley Apt. 348,Lake Derek,Connecticut,2024-04-23,Diners Club / Carte Blanche
136,Peter Hill,deborah48@example.com,138 Collins Point,Joanfort,Connecticut,2025-02-16,VISA 13 digit
137,Levi Thomas,paulalewis@example.org,4186 Ronald Estates,Port Melanie,Nebraska,2024-07-07,Maestro
138,Benjamin Butler,rebeccawatson@example.com,6375 Mitchell Lodge,Lake Jonathan,Rhode Island,2024-07-05,VISA 13 digit
139,Leah Klein,ywilliams@example.org,5543 Murray Glens,Kleinburgh,South Dakota,2024-01-13,Mastercard
140,Emily Sellers,nixonmichael@example.org,3215 Michael Ridges,Jenniferbury,West Virginia,2024-07-11,Discover
141,Brian Miller,ohuff@example.net,5492 Chapman Course Suite 622,Jessicachester,Florida,2024-07-30,Maestro
142,Debra Crawford,crystal43@example.net,91687 Paula Throughway,Katieville,Missouri,2025-06-20,JCB 15 digit
143,Jonathan Brooks,mmorgan@example.com,9281 Fox Station,Riverabury,New Jersey,2024-07-18,JCB 15 digit
144,William Nelson,drakekeith@example.com,66419 Kyle Street,South Nathan,West Virginia,2024-11-20,VISA 16 digit
145,Bryan Brooks,lawrencepotts@example.net,0538 Crystal Brook Suite 874,Lake Josephmouth,New Hampshire,2024-12-13,Maestro
146,Jason Martin,ilarsen@example.org,3113 Laura Fall Suite 302,Diazborough,Virginia,2025-07-14,VISA 13 digit
147,Alexis Holt,ruthwilkins@example.com,7641 Haney Squares Apt. 550,Ashleyborough,Nevada,2024-02-20,VISA 19 digit
148,Emily Newman,zstone@example.com,420 Jody Locks,New Juan,Michigan,2025-04-11,JCB 15 digit
149,Diamond Parsons,christopher20@example.org,4247 Theresa Tunnel Suite 174,West Kelly,Louisiana,2025-06-19,VISA 16 digit
150,Michelle Thomas,timothy02@example.org,1874 Taylor Orchard Suite 306,Aliciafurt,Connecticut,2025-11-04,Maestro
151,Mr. Donald Reilly,brandy68@example.org,715 Michelle Isle,Webbtown,New Hampshire,2024-05-17,Discover
152,John York,pdavenport@example.net,517 Mann Crescent,West Michael,Kentucky,2025-07-07,American Express
153,Brandon Copeland,carrielamb@example.org,5673 Robert Parkways Suite 839,Johnsonshire,North Dakota,2024-08-20,VISA 16 digit
154,Charles Woodward,michealsmith@example.org,3298 Logan Turnpike Suite 032,Johnborough,Wyoming,2025-11-12,Mastercard
155,Mary Barber,cassandra70@example.net,473 Patterson Divide Suite 120,South Ralphtown,Virginia,2025-10-14,JCB 15 digit
156,Natalie Jackson,medinaandrea@example.org,0387 Harris Mill,New Spencerstad,Louisiana,2025-06-27,JCB 15 digit
157,Madison Maldonado,ruth49@example.net,3736 Stevenson Prairie,Jackborough,Nevada,2024-08-18,JCB 16 digit
158,Ian Jackson,deborah86@example.com,99156 Romero Lodge Suite 502,Sandersberg,Indiana,2025-03-09,Discover
159,Tara Clark,lesliewilson@example.com,89420 Horton Groves Apt. 595,West Stacie,Oregon,2024-09-18,Maestro
160,Michael Garcia,gramirez@example.com,5643 Ashley Fork,East Josephfurt,Vermont,2025-05-28,American Express
161,Jenny Soto,harold41@example.com,892 Miranda Pines,Walterside,Iowa,2024-10-22,VISA 16 digit
162,Ashley Coffey,edwardmedina@example.net,290 Odonnell Pines Apt. 122,East David,Oklahoma,2025-04-23,American Express
163,Andrew Johnson PhD,zshaw@example.net,5482 Linda Cove,Ryanborough,Colorado,2024-03-02,Diners Club / Carte Blanche
164,Amanda Nguyen,tammy44@example.com,12629 Anna Crossing Suite 285,Williamfurt,Wisconsin,2023-12-15,Discover
165,Emma Davis,nicole12@example.net,0581 Mark Plain,Bakerburgh,West Virginia,2024-11-08,VISA 16 digit
166,Benjamin Chandler DVM,jay14@example.net,6158 Davis Trail Suite 001,Lake Larry,Florida,2024-11-07,VISA 16 digit
167,Justin Cortez,qhernandez@example.com,46664 Pierce Islands,West Jamesberg,Georgia,2025-02-27,Discover
168,David Grant,charlesbird@example.org,1313 Amy Ports Suite 910,North Michael,Arkansas,2024-01-03,VISA 16 digit
169,Andrew Martinez,gibsonlee@example.org,2427 Joseph Knoll Suite 208,Duffyport,Alaska,2024-07-25,Mastercard
170,Anthony Jenkins,jessicacardenas@example.net,740 Hughes Mount Suite 100,New Lisa,Montana,2025-04-28,American Express
171,Karen Tanner,gonzalezmichelle@example.net,0077 Samantha Forks,Thomasfort,Delaware,2024-11-13,Discover
172,Erika Walters,jamiemiddleton@example.org,048 Paul Ports Apt. 461,Henryport,New York,2024-05-25,JCB 16 digit
173,Jesse Williams,kenneth89@example.com,47113 Russell Spurs,New Ryanview,Ohio,2024-11-22,VISA 16 digit
174,Alexander Moore,rfoster@example.net,7618 Gregory Spring,Oconnorland,Pennsylvania,2024-01-11,Maestro
175,Vanessa Mayer,ashleymiles@example.com,698 Garrett Keys,Danielleburgh,Illinois,2025-01-05,Discover
176,Priscilla Maxwell,ynelson@example.com,3422 Zachary Hollow,Johnsonstad,Nevada,2024-01-16,JCB 16 digit
177,Seth Hayes,jerryaustin@example.org,72674 Wright Lodge Apt. 083,Delacruzport,Alabama,2024-10-25,Mastercard
178,Kim Lane,gparker@example.net,1262 Erika Road Apt. 842,North Matthewside,Illinois,2024-02-19,Diners Club / Carte Blanche
179,Melissa Gentry,leecheryl@example.com,40893 Moore Rapid,West Ryanmouth,Illinois,2025-02-07,Discover
180,Stuart Mills,lopezrichard@example.org,463 Rojas Dale Suite 262,North Sandy,Iowa,2024-10-16,American Express
181,Cassandra Edwards,nburton@example.net,75619 Sloan Causeway Apt. 119,New Courtneyberg,Pennsylvania,2024-08-13,VISA 19 digit
182,Robert Hill,xhudson@example.com,99555 Karen Views Apt. 372,Wadehaven,Arkansas,2025-09-11,Mastercard
183,Charles Duncan,milesgregory@example.net,65510 Cynthia Rapids,North Michelle,Ohio,2025-01-17,JCB 15 digit
184,Daniel Wilson,steven05@example.com,2727 Miles Street Apt. 513,Debratown,Nevada,2024-07-28,VISA 16 digit
185,Mariah Sandoval,christinavasquez@example.com,62576 James Valley Apt. 545,Ronaldport,Missouri,2025-02-19,Discover
186,Jessica Snyder,rjohnson@example.com,079 Burns Shoals,Robinberg,Arkansas,2025-03-16,American Express
187,Amber Black,powelladriana@example.com,5683 John Manors Apt. 035,Julialand,Arkansas,2025-05-14,Maestro
188,David Ross,elizabeth46@example.net,60056 Garcia Pass Apt. 600,Conwaytown,Louisiana,2024-03-09,American Express
189,Victor Williamson,whitemark@example.net,526 Moore Station,Riveraville,Georgia,2024-05-28,VISA 16 digit
190,Jennifer Williams,mharris@example.org,029 Mendoza Ridge,Patriciamouth,Arizona,2024-05-09,Diners Club / Carte Blanche
191,Aaron Keller,qclark@example.com,856 Timothy Harbors Apt. 134,Lisamouth,Maryland,2024-07-13,American Express
192,Kathryn Spencer,rogercaldwell@example.net,1850 Perez Village,Port Jillberg,Nebraska,2023-12-12,American Express
193,Joshua Flores,bwells@example.org,43502 Jason Divide Suite 247,Port Evanside,Minnesota,2024-01-08,JCB 15 digit
194,Bobby Allen,bakerpaul@example.org,105 Shelby Avenue Suite 253,South Coltonstad,Missouri,2025-01-31,VISA 16 digit
195,Anthony Adams,samuel63@example.net,523 Kevin Passage,West Alexis,Nevada,2025-01-10,JCB 16 digit
196,Laura Barrera,lindacooke@example.com,151 Amy Parks Apt. 965,North Gabrielmouth,Louisiana,2024-11-06,VISA 13 digit
197,Angela Robles,imartin@example.net,13979 Michael Tunnel,West Elizabethmouth,Nebraska,2025-02-23,JCB 15 digit
198,Alicia Powers,brianbailey@example.org,548 Palmer Mountains Apt. 588,New Michellestad,Rhode Island,2025-04-01,Discover
199,Kelsey Lee,timothy29@example.org,088 Jones Manor,Donaldchester,Montana,2025-09-20,Discover
200,Maria Sharp,david94@example.net,1785 Huerta Pass Suite 655,North Michellestad,Michigan,2025-08-19,Mastercard
201,Christina Drake,evansrobyn@example.org,7454 Matthew Shoals Apt. 629,Donaldport,Montana,2024-12-18,VISA 19 digit
202,Alexis Simmons,stephencharles@example.com,024 Neal Haven,Edwardsview,Idaho,2025-08-27,Diners Club / Carte Blanche
203,Jennifer Smith,deborahstokes@example.net,7979 Jessica Trail Suite 779,Ericside,Virginia,2025-03-11,VISA 13 digit
204,William Alvarez,colemanabigail@example.com,5756 Branch Stream,East Shariland,Connecticut,2025-08-14,VISA 13 digit
205,Michelle Fox,rickyjames@example.net,2660 Alan Springs,South Seanhaven,New Jersey,2023-12-21,VISA 19 digit
206,Annette Torres,ygreen@example.com,8925 Karen Run,South Audreymouth,Oregon,2025-06-15,VISA 16 digit
207,Mike Thomas,monicaedwards@example.com,1141 Richardson Bridge Apt. 862,Lopezport,New Mexico,2024-09-12,VISA 16 digit
208,Ryan Price,rachelwalls@example.com,115 Olivia Burg,Port Leah,Hawaii,2024-06-19,American Express
209,Gregory Caldwell,landryjoshua@example.com,57535 Murphy Spurs Apt. 770,Port Patricia,Oregon,2024-03-01,Discover
210,Howard Brown,jthomas@example.net,902 Peggy Haven,Amyberg,West Virginia,2024-12-09,VISA 16 digit
211,Cameron Perry,moranchristopher@example.com,8275 Bryant Lock Apt. 349,North James,Georgia,2025-01-22,Discover
212,Jamie Elliott,isabella32@example.net,9099 Scott Keys Apt. 629,West Frank,Washington,2025-07-01,VISA 19 digit
213,Phillip Stevens Jr.,zcordova@example.com,2909 Paula Throughway Apt. 736,East Thomaschester,Hawaii,2025-03-25,VISA 13 digit
214,Travis Moore,tracey35@example.org,005 Dodson Corner,Vangchester,New York,2025-07-19,American Express
215,Todd Miller,hcarson@example.com,254 Austin Tunnel,North Jessica,Arkansas,2025-08-18,VISA 16 digit
216,John Hart,daniel94@example.net,3728 Ball Mountain Apt. 755,Port Amy,New Mexico,2024-01-26,VISA 19 digit
217,Kelly Barr,jared64@example.com,1490 Heidi Freeway Suite 108,Staffordbury,Washington,2025-04-05,Discover
218,Eric Preston,kevinbailey@example.com,154 Joshua Cliff,Kathleentown,Nebraska,2024-04-07,JCB 16 digit
219,Matthew Gonzalez,peter54@example.com,243 Sanchez Station Apt. 206,Bakerborough,Connecticut,2024-01-10,JCB 16 digit
220,Tracy Jacobson,rrodriguez@example.net,1077 Patrick Track,New Melissa,Ohio,2024-02-25,American Express
221,Michelle Taylor,kenthernandez@example.net,1188 Norris Loaf Apt. 790,Terriborough,Missouri,2024-05-13,American Express
222,Robert George,jason21@example.net,6978 Laurie Common,East Mikefurt,Georgia,2024-02-20,VISA 13 digit
223,William Baxter,steven03@example.net,71706 Morrison Extension Apt. 675,Lake Stephen,California,2025-07-05,Discover
224,George Fowler,barrydavid@example.net,744 Patricia Lakes,Christophermouth,Washington,2024-05-10,VISA 19 digit
225,Rebekah Thomas,timothyabbott@example.com,9036 Peterson Trail,New Adamtown,Ohio,2024-05-07,Discover
226,Dennis Wilson,howardjoseph@example.net,8955 Roberts Shoals,North Justin,Utah,2025-03-02,VISA 19 digit
227,Thomas Carter,westnicole@example.net,120 Krystal Lights Apt. 543,East Feliciachester,Iowa,2024-11-15,American Express
228,Laurie Massey,russelldaniel@example.org,30634 Combs Mall Suite 889,Laneland,Colorado,2024-01-14,Maestro
229,Douglas Wade,david73@example.net,148 Randy Harbor,Port Scott,Michigan,2024-05-23,Discover
230,Jamie Kelly,tony33@example.com,129 Billy Lake,New Kevinshire,Montana,2024-01-12,JCB 16 digit
231,Mike Rios,meganjensen@example.net,84778 Scott Club Suite 318,Kennedyview,Alaska,2024-07-25,VISA 19 digit
232,Donna Soto,josephmadden@example.net,37094 Jones Dale,Chelseahaven,Nebraska,2025-03-12,VISA 16 digit
233,Bailey Garrett,jacob67@example.org,644 Karen Club Suite 259,Lake Kimberlyfort,Indiana,2025-06-06,Mastercard
234,Caroline Baker,lindseyrichard@example.com,2122 Connor Motorway Suite 299,Garcialand,Louisiana,2024-08-05,VISA 19 digit
235,David Murray,michaeltaylor@example.net,949 Warner Viaduct Suite 268,Port Todd,Massachusetts,2025-02-09,JCB 16 digit
236,Sara Jones,newmanmatthew@example.net,496 Ochoa Field Suite 923,North Jackview,California,2025-09-24,JCB 15 digit
237,Ray Avery,kevin89@example.net,450 Clark Pass Suite 245,Evelynshire,Kentucky,2023-12-02,Diners Club / Carte Blanche
238,Kenneth Taylor,mstewart@example.org,5237 Leslie Squares Apt. 697,East Jamesland,Missouri,2023-12-07,Discover
239,Mark Robinson,jaime56@example.net,8193 Ferguson Mount,South William,Rhode Island,2023-12-17,JCB 16 digit
240,James Anderson,orivera@example.com,5657 Michele Loop Suite 858,Mirandaburgh,South Dakota,2024-11-21,Maestro
241,Regina Johnson,erobinson@example.net,937 Sutton Wall,North Jillianchester,Nevada,2024-09-25,Diners Club / Carte Blanche
242,Chelsea Gonzalez,ledaniel@example.com,5231 Kristina Well,Port Amy,California,2024-07-06,Discover
243,Mason Rodriguez,laura08@example.net,42214 Miller Ferry,North Scottville,Wyoming,2025-01-19,Mastercard
244,Sandra Lopez,millerrodney@example.org,91908 Lee Mission Apt. 147,Lake Joseph,Georgia,2024-05-19,JCB 16 digit
245,Juan Wilkins,jenniferwong@example.net,9659 Bryan Cliffs,Henryfurt,Nevada,2025-08-16,Mastercard
246,Andre Goodman,dbooker@example.org,7763 Isabel Locks,East Amber,New Hampshire,2025-05-11,Maestro
247,John Terrell,jeremiahbass@example.net,499 Davenport Brooks Apt. 990,Jenniferfurt,Hawaii,2025-09-11,Discover
248,Nicholas George,aknight@example.net,023 Pugh Junction,Shannonburgh,New Jersey,2025-04-06,VISA 13 digit
249,Cheryl Blake,zunigakimberly@example.org,80373 Raymond Meadow,Ravenburgh,Wyoming,2024-10-01,Diners Club / Carte Blanche
250,John Brown,aaron39@example.com,6921 Cooper Unions,Port Jasonville,Indiana,2024-07-08,Maestro
251,Kurt Taylor,masseyheather@example.org,1586 David Mountains,Port Evanstad,Georgia,2024-05-24,VISA 13 digit
252,Patricia Wood,christopher45@example.org,481 Ayala Lane,Allisonstad,California,2025-06-28,Diners Club / Carte Blanche
253,Phillip Jackson,melissaibarra@example.net,6778 Merritt Garden Apt. 004,Lake Deborah,Michigan,2023-12-29,VISA 19 digit
254,Erica Garcia,jenkinsjessica@example.com,5522 Snyder Forges,Margaretshire,Nebraska,2023-12-07,Discover
255,Daniel Lee,yroach@example.com,94530 Stephanie Corners,Youngchester,Washington,2025-09-16,VISA 16 digit
256,Sara Ortiz,debbieharrison@example.net,30767 Taylor Terrace Suite 309,Leechester,Virginia,2025-09-12,Diners Club / Carte Blanche
257,Laura Cooper,lauraprice@example.com,196 Billy Islands Apt. 451,Cummingsville,North Dakota,2024-02-19,JCB 16 digit
258,Peter Henderson,heathergraves@example.com,23646 Darren Grove,Port Keithborough,Mississippi,2025-01-17,Discover
259,Kathy Martinez,annehernandez@example.net,3325 Kristin Run,South Erikbury,Illinois,2023-12-10,VISA 16 digit
260,Jessica Rodriguez,kristie17@example.net,151 Mcmahon Expressway Suite 109,West Derekbury,Arkansas,2024-04-11,Mastercard
261,Martha Thomas,abailey@example.com,37288 Mcmahon Manors,Allisonmouth,Idaho,2025-08-24,Diners Club / Carte Blanche
262,Bryan Vega,jonathannovak@example.org,6507 Medina Fork Suite 792,Tiffanystad,Missouri,2024-06-11,Discover
263,Robin Turner,michelle51@example.com,6030 Murray Locks Apt. 592,North Latoya,Alabama,2024-05-01,American Express
264,Robert Johnson,sparksrichard@example.com,0153 Harris Stravenue,South John,Connecticut,2024-10-14,VISA 13 digit
265,Robert Spencer Jr.,mosleymary@example.org,7317 Cindy Walk,Port Margaret,North Carolina,2025-02-06,Mastercard
266,Erica Johnson,jrussell@example.com,3217 Aaron Neck Apt. 765,Gonzalezborough,Illinois,2024-11-25,JCB 16 digit
267,Pamela Palmer,christopher25@example.net,2857 Michael Mountains Suite 371,North Micheleburgh,Kentucky,2025-07-04,VISA 19 digit
268,Diana Lambert,washingtonjorge@example.com,447 Brown Roads Suite 316,Andrewfort,Nevada,2024-01-25,Diners Club / Carte Blanche
269,Craig Thomas,jonesjames@example.com,0237 Hannah Bridge,Barreraville,Massachusetts,2024-06-23,VISA 16 digit
270,Rebecca Blake,williamsjoe@example.net,4536 Amy Estates,Hallmouth,Wisconsin,2025-05-26,JCB 15 digit
271,Christopher Drake,udavis@example.com,4180 Stacey Forge,Patricialand,Indiana,2024-11-16,VISA 13 digit
272,Megan Bowen,awoods@example.com,2505 Cantu Locks,South Holly,Pennsylvania,2024-06-25,VISA 19 digit
273,Andrew Mosley,christopher97@example.net,77081 Michael Dale Suite 899,West Gina,Washington,2025-07-05,VISA 16 digit
274,Nathan Francis,icox@example.com,4126 Leslie Springs,Lake Alexandraview,North Carolina,2024-03-14,JCB 16 digit
275,Amanda Miller,james13@example.org,37227 Bradley Passage,Tammystad,Mississippi,2025-09-26,Mastercard
276,Donald Davis,daniel75@example.net,48764 Cruz Rapid,Joshuachester,Louisiana,2024-06-25,VISA 13 digit
277,Jordan Burton,hillbryan@example.com,053 Kevin Point,Port Terry,Oregon,2024-08-27,American Express
278,Perry Valdez,tsmith@example.org,8760 Jackson Fall,Tarafurt,Indiana,2025-05-23,JCB 15 digit
279,Jesus Robinson,ylloyd@example.org,410 Key Trafficway,Ortizmouth,Pennsylvania,2025-04-11,Maestro
280,Calvin Hernandez,michael55@example.com,871 Fuller Row,New Virginia,Missouri,2024-08-17,Mastercard
281,Shelly Cruz,rachel72@example.net,8464 Jonathan Station Suite 812,Lawrenceshire,Oregon,2025-05-09,Maestro
282,April Simmons,timothy22@example.com,3743 Nichols Valley,Port Jamesstad,Hawaii,2024-06-30,JCB 16 digit
283,Stephanie Alexander,garzalauren@example.org,5300 Monica Forks Suite 674,Lake Taylor,Pennsylvania,2024-03-26,Diners Club / Carte Blanche
284,Laurie Edwards,robertstimothy@example.org,36855 Margaret Forest Apt. 741,Lake Andrewborough,Rhode Island,2025-08-14,Maestro
285,Donna Lane,susan21@example.org,033 Gilbert Forest Suite 725,East Paulatown,South Carolina,2025-07-06,VISA 16 digit
286,Matthew Moon,jody22@example.net,473 Jenna Club Apt. 204,Smithport,Hawaii,2024-08-27,VISA 16 digit
287,Zoe Weaver,michelle71@example.com,2462 Thomas Inlet,Grimesbury,Oregon,2025-07-07,Diners Club / Carte Blanche
288,Jose Gordon,alane@example.org,2110 Norris Parkway,Suttonstad,Wisconsin,2024-10-28,American Express
289,Meagan May,craigmichelle@example.net,9711 Colin Harbor,Sandrashire,Illinois,2024-01-20,VISA 19 digit
290,Mr. Michael Stewart,mmason@example.org,27121 Sarah Valleys,Adamsstad,Mississippi,2024-05-11,American Express
291,Kenneth Harris,michaelwilliams@example.net,7625 Melendez Fall,Coopermouth,Tennessee,2024-01-31,Maestro
292,Kerri Thomas,pollardkyle@example.com,0229 Ferguson Loop Apt. 961,West Joshua,Indiana,2025-07-14,Mastercard
293,Christopher Contreras,gabriel93@example.com,31073 Gilbert Drives,Nancybury,Montana,2025-07-14,JCB 15 digit
294,Nicole Bowman,xhamilton@example.com,867 Kyle Shore,Taylorhaven,Arizona,2025-04-02,Maestro
295,Steven Lopez,swansontiffany@example.com,015 Shannon Tunnel Suite 469,Jerryport,Oregon,2024-03-12,Mastercard
296,David Richmond,robert61@example.com,276 Hailey Rue Suite 975,Boydfurt,Delaware,2025-11-05,JCB 16 digit
297,Susan Evans,qford@example.com,98087 Samuel Point,East Nicole,Idaho,2024-05-13,Diners Club / Carte Blanche
298,Vicki Lindsey,pjackson@example.org,218 Dylan Estates,North Michelle,Washington,2024-05-21,JCB 15 digit
299,Stephanie Sullivan,rachel86@example.net,51934 Smith Vista,West Angelatown,Nebraska,2025-02-11,VISA 16 digit
300,Randy King,inovak@example.org,926 Vega Lodge,West Elizabeth,Utah,2024-07-25,Discover
301,Mr. David Foster,michellewatson@example.net,477 Donald Highway Apt. 375,Silvafurt,New Jersey,2024-06-17,VISA 16 digit
302,Richard Brown,qgregory@example.net,959 Paul Mission,North Vincent,Michigan,2025-08-24,JCB 16 digit
303,Veronica Padilla,shughes@example.com,5069 Miller Islands Apt. 037,Port Kristinton,Missouri,2024-11-22,JCB 16 digit
304,Andrea Sanchez,jodihenson@example.org,35925 Johnson Estate,Amandaville,Minnesota,2024-07-20,VISA 19 digit
305,Aaron Scott,ruth82@example.com,65071 Brandon Plains Suite 390,South Eric,South Dakota,2024-06-09,VISA 16 digit
306,Travis Yang,rcoleman@example.net,405 Emily Fort Suite 900,New Rachelmouth,Utah,2024-03-28,American Express
307,Michelle Fowler,denise58@example.net,9461 Calvin Dam Suite 717,Andrewton,Delaware,2024-01-02,Diners Club / Carte Blanche
308,Christopher Williams,mooreanne@example.com,44377 Logan Islands,Stephanieborough,Colorado,2024-12-14,VISA 16 digit
309,Susan Wiley,kho@example.net,36499 Le Walk,Joshuaport,Alabama,2025-04-02,JCB 15 digit
310,Cory Sanders,mbell@example.com,8558 Steven Point,Markton,South Carolina,2025-01-02,JCB 16 digit
311,Eric Alexander,john96@example.net,7045 White Forks Suite 048,Longside,Wyoming,2025-09-08,VISA 16 digit
312,Ricardo Graham,tfrench@example.org,37961 Mclean View,Porterstad,West Virginia,2025-09-27,JCB 16 digit
313,Jose Graham,daytimothy@example.org,50673 Jonathan Roads,Lake Brendastad,Utah,2025-06-26,VISA 19 digit
314,Kevin Moreno,jcox@example.com,977 Bowman Stream Suite 445,New Natalieland,Nevada,2024-06-15,VISA 16 digit
315,Jeffrey Willis,kmurphy@example.net,330 Snyder Parkways,Johnland,Pennsylvania,2024-01-18,Discover
316,Alexis Thomas,dennisgibson@example.org,443 Joseph Dale Suite 072,East Tanyashire,Maryland,2025-04-21,JCB 16 digit
317,Adam Parrish,slynch@example.net,113 Wood Street Apt. 010,Perezmouth,Arizona,2024-03-24,JCB 15 digit
318,Lauren Jones,katelynmalone@example.net,7251 Heather Crossing,Port Emily,Vermont,2025-06-02,JCB 15 digit
319,Monica Henderson,lisa66@example.com,5425 Ray Junction,Brandichester,Maryland,2024-08-28,JCB 15 digit
320,James Miller,tylerwaller@example.com,46556 Kelly Burgs Apt. 626,Conwaybury,Delaware,2024-03-01,American Express
321,Judy Robinson,taylormary@example.com,3679 Charles Canyon Suite 597,New Scott,Hawaii,2024-05-08,Diners Club / Carte Blanche
322,Tanner Duarte,lwalter@example.org,9310 Lozano Lake,Kathytown,West Virginia,2025-03-07,VISA 19 digit
323,Carla Webster,gardnercolleen@example.org,941 Diana Shore Suite 086,West Josephshire,Iowa,2024-04-15,JCB 16 digit
324,Corey Decker,elizabeth66@example.org,0459 Wagner Common,Michaelton,Wisconsin,2024-03-03,Mastercard
325,Raymond Davis,greendebra@example.org,69308 Desiree Lodge Apt. 647,Lesterchester,Florida,2024-06-12,American Express
326,Amanda Keller,walshwilliam@example.org,073 Anderson Land Suite 086,Meganport,Idaho,2025-09-09,Maestro
327,Keith Gray,cpena@example.com,9626 Perez Street Apt. 140,Lake Whitneyville,Maryland,2024-03-25,JCB 15 digit
328,Ashley Dawson,iclayton@example.com,80801 Hayden Terrace Suite 070,Kristenport,Oklahoma,2025-03-03,American Express
329,Beth Howell,oolson@example.org,48064 Ford Stream,New Robert,Alaska,2024-06-24,Mastercard
330,Joseph Campbell,clarkgregory@example.org,23089 Gregory Square Apt. 584,Richardsonfort,Alabama,2024-12-29,Diners Club / Carte Blanche
331,Michele Clark,lisa40@example.org,329 Martinez Port,Evansview,Massachusetts,2025-03-29,JCB 15 digit
332,Sean Villanueva,vweeks@example.org,24835 Mark Isle,North Ruthstad,Colorado,2025-05-31,Mastercard
333,Sandra Morgan,timothysmith@example.org,100 Steven Squares Apt. 368,Michaelhaven,Idaho,2025-09-18,JCB 15 digit
334,Karen Shelton,qmoore@example.org,091 Jason Branch Apt. 476,Kellytown,New York,2025-03-10,VISA 16 digit
335,Matthew Ball,noblekyle@example.net,6592 Mcdaniel Inlet,North Sarahstad,Iowa,2025-11-02,JCB 16 digit
336,Kelsey Carlson,vchang@example.com,44042 Burke Underpass Apt. 458,Kevinborough,Idaho,2024-07-02,VISA 13 digit
337,Brian Adams,ramseychelsea@example.org,46827 Norman Prairie Suite 503,Lake Angela,Michigan,2024-05-07,Mastercard
338,Jennifer White,kimdenise@example.net,39167 Evelyn Locks Suite 673,Port Anthonyside,Maryland,2024-10-19,VISA 13 digit
339,Michael Cox,richardreeves@example.net,3574 Brewer Oval,Robinsonchester,Mississippi,2025-06-08,Discover
340,Karen Lopez,greenekathryn@example.org,39292 Kyle Extension,Burkeburgh,New Jersey,2025-06-06,Discover
341,Marcus Sanchez,jennifer32@example.net,57737 Bautista Loop Suite 994,Nancyport,West Virginia,2024-08-07,VISA 16 digit
342,Terry Melendez,myerstammy@example.com,04402 Rodriguez Union Apt. 399,New Matthew,California,2024-08-14,Mastercard
343,Alexis Baker,yorkstacey@example.net,70427 Chelsea Overpass Suite 194,Nicolehaven,North Carolina,2023-12-01,JCB 16 digit
344,Linda Davis,vschaefer@example.com,4508 Burgess Brooks,Rothland,Montana,2025-04-13,JCB 15 digit
345,Lacey Vasquez,elizabethparks@example.com,05047 Kelly Drives Apt. 105,Davisborough,Iowa,2025-02-25,VISA 13 digit
346,Donald Brown,john97@example.org,01218 Payne Plains,Kevinfurt,New Mexico,2023-12-10,JCB 16 digit
347,Lori Montgomery,jasonbooker@example.com,23246 Ryan Squares Apt. 497,Lake Joseph,Iowa,2024-06-02,Discover
348,Brian Carr,kevin02@example.org,357 Smith Rapid,Dunlapmouth,North Carolina,2024-11-13,VISA 19 digit
349,Tiffany Diaz,michaelramirez@example.net,8871 Jennifer Mission Apt. 026,Ashleychester,South Dakota,2025-10-19,Discover
350,Victor Sanders,washingtonian@example.net,15101 Hunt Drive,Johnfort,Georgia,2025-02-03,JCB 16 digit
351,Ashlee Rose,thomasjones@example.org,4167 Johnson Mountain Suite 448,West Melissa,Alaska,2025-03-28,JCB 16 digit
352,James Harris,stucker@example.org,005 Evan Prairie,Lake John,Massachusetts,2025-08-31,VISA 16 digit
353,Mary Hodge,krojas@example.com,59355 Kristin Pines,Floresport,Arkansas,2025-11-02,American Express
354,Jessica Davis,klopez@example.org,1190 Williams Skyway Suite 976,North Bobby,Georgia,2024-06-15,VISA 16 digit
355,Eddie Compton,acox@example.com,33376 Ann Inlet,North Sethland,New Jersey,2025-02-10,VISA 16 digit
356,Stephanie Lam,sotokatie@example.org,18427 Amber Knolls Suite 195,Markport,Colorado,2024-06-15,Mastercard
357,Jacob Turner,jamie55@example.org,190 Heidi Mountain,New Teresa,Idaho,2024-06-22,VISA 16 digit
358,Margaret Carey,kgrant@example.net,978 Carpenter Flat,Christensenland,Alabama,2024-05-18,VISA 19 digit
359,Hannah Estrada,doughertyjonathan@example.org,88705 Andrea Union,Johnsonside,Alabama,2024-05-09,VISA 13 digit
360,Scott Vang,howardgeorge@example.net,73025 Chapman Viaduct Suite 264,Racheltown,Arkansas,2024-09-19,VISA 16 digit
361,Holly Allen,pachecoerin@example.org,67306 Maria Ridge Apt. 787,Javierfort,New Mexico,2025-05-12,Mastercard
362,Eric Rogers,ricejoy@example.org,063 Adams Courts Apt. 875,Theresamouth,Arizona,2024-11-08,VISA 16 digit
363,Linda Arias,scott20@example.org,224 Heidi Ridge,East Damonmouth,Mississippi,2024-07-14,VISA 16 digit
364,Amy Beck,cuevasterri@example.org,68253 Robertson Coves,Lake Brittanyberg,Hawaii,2023-12-13,Maestro
365,Elizabeth Johnson,phillipsjustin@example.org,2368 Cooke Underpass,Jamesbury,Virginia,2025-03-27,JCB 16 digit
366,Pamela Wagner,briana13@example.net,6838 Patrick Light,Lake Bettytown,Montana,2025-10-24,VISA 13 digit
367,Michael Thompson,rwilson@example.com,3853 Brandon Hill,New Johnnyville,Nevada,2024-07-29,JCB 15 digit
368,Jason Owens,jenniferlewis@example.net,7666 John Mount Suite 600,North Erikabury,North Carolina,2024-10-09,Diners Club / Carte Blanche
369,Randy Novak,erikcain@example.net,84788 Robert Union,East Jerry,Nebraska,2025-11-14,Diners Club / Carte Blanche
370,Mitchell Gonzales,david16@example.com,1382 Schroeder Mews Suite 826,West Crystal,Oregon,2024-12-27,JCB 16 digit
371,Kelsey Bennett,joneskara@example.net,109 Patel Forest Apt. 728,Lisafurt,Connecticut,2024-10-08,JCB 16 digit
372,Adam Roberts,iwaller@example.com,355 Jerry Canyon Suite 729,Martinside,Alaska,2024-02-12,Discover
373,Tina Dean,sarahlopez@example.org,257 Mcdonald Trail,New Dillonmouth,Oklahoma,2025-01-07,Diners Club / Carte Blanche
374,John Perry,thomasgreen@example.com,5732 Cox Courts Apt. 575,New Valeriefurt,West Virginia,2025-10-15,VISA 19 digit
375,Thomas Mills,colemanbarbara@example.com,23249 Ryan Light Suite 241,Smithton,Arizona,2025-06-24,JCB 16 digit
376,Charles Combs,francisgeorge@example.net,635 Claudia Crossing,Wyattberg,New York,2024-06-10,Diners Club / Carte Blanche
377,Sabrina Nelson,tylerbenjamin@example.com,5503 Holder Parkway,Danielleborough,Kansas,2024-08-23,JCB 16 digit
378,Erica Lopez,vasquezkelly@example.com,71132 Simpson Trail Apt. 381,New Paul,Michigan,2024-01-22,VISA 19 digit
379,Melissa Frey,markmccarthy@example.com,4931 Castro Grove,Davidland,New Jersey,2024-02-13,VISA 16 digit
380,Cheyenne Patrick MD,christopher43@example.org,05563 Mack Parkways Apt. 002,Keithfurt,Alaska,2024-08-08,VISA 16 digit
381,Nicole Martin,grace60@example.net,6350 Daniel Brook,East Markbury,Wisconsin,2024-04-19,VISA 13 digit
382,Susan Delacruz,zjones@example.net,1185 Rodriguez Spurs,Jenniferborough,Wyoming,2025-10-08,VISA 13 digit
383,Jesse Mitchell,albertbradshaw@example.org,91091 Ballard Crossroad Apt. 880,Port Angelicafort,Wyoming,2024-07-11,Maestro
384,Kristy Lawrence,mcdonaldamy@example.com,573 Jon Haven Suite 311,Lake Joshuaville,Georgia,2025-10-24,American Express
385,David Hall,qwashington@example.net,64240 Michael Prairie,Port Timothy,Colorado,2025-08-23,American Express
386,Erik Klein,vgilmore@example.org,058 Hall Highway Apt. 846,South Jacobhaven,Tennessee,2024-10-07,Mastercard
387,Kevin Trevino,brownphilip@example.org,3389 Tammy Light,Morganbury,Wisconsin,2024-09-07,Diners Club / Carte Blanche
388,Dawn Jarvis,gardnerbenjamin@example.com,96868 Teresa Wall Suite 940,Reynoldsmouth,Missouri,2024-06-13,VISA 13 digit
389,Sean Cole,stanley07@example.net,07084 Tiffany Stream,North Kristaview,Nevada,2025-03-02,Mastercard
390,William Daniel,bunderwood@example.org,802 Frank Junction Apt. 942,Port Dariusville,Georgia,2025-07-26,Mastercard
391,Mrs. Sarah Perez,mathisyesenia@example.net,27258 Smith Parks Apt. 567,Reillyton,Kansas,2025-05-30,VISA 13 digit
392,April Johnson,kendracollins@example.org,476 Jessica Burg,East Michaelport,Rhode Island,2024-10-25,Maestro
393,Carolyn Valdez,longsteven@example.net,4467 Anne Viaduct,North Katherinechester,New Jersey,2025-10-09,JCB 15 digit
394,Paul Alexander,sdiaz@example.com,469 Gordon Plaza,Johnstad,Oregon,2025-05-08,Discover
395,Kristen Stewart,molinateresa@example.net,0691 Ford Trafficway Apt. 747,Brownfort,New Mexico,2025-07-31,VISA 19 digit
396,Robert Jordan,erinwatkins@example.com,8572 Paige Pines Suite 400,Victoriastad,New Jersey,2025-04-23,VISA 13 digit
397,Susan Garrett,bryan72@example.org,41870 Little Drive Suite 541,North Emily,Hawaii,2023-12-05,Mastercard
398,Benjamin Larson,xcampbell@example.com,408 Rosales Vista,Port Juan,Indiana,2025-08-27,JCB 15 digit
399,Patricia Monroe,deanpatrick@example.com,05542 Johnson Haven,East Karen,New York,2025-08-11,VISA 13 digit
400,Lauren Harrison,mitchell02@example.com,07023 Avery Wells,Dominguezshire,Connecticut,2024-01-30,VISA 16 digit
401,Derek Chavez PhD,lisacollins@example.org,62524 Matthew Ville Suite 303,Lozanofurt,Louisiana,2024-06-20,JCB 16 digit
402,Erik Richard,griffithtimothy@example.org,8307 Keith Corner,New Brianchester,New Jersey,2025-02-19,VISA 16 digit
403,Bradley Russo,amber14@example.com,08664 Mitchell Ports Suite 501,North Melissa,Mississippi,2025-10-07,Maestro
404,Crystal Byrd,jamesedwards@example.com,856 Vance Bypass,Hollytown,Arizona,2024-07-02,VISA 16 digit
405,Melissa Briggs,anthonylee@example.net,9652 Irwin Stravenue Suite 278,Sotoshire,Illinois,2024-11-19,VISA 16 digit
406,Jesse Howard,leesara@example.org,88194 Bell Lake,South Kathleenton,Idaho,2024-05-15,American Express
407,Gary Robinson,kingbilly@example.com,3353 Wagner Ports,Vanessamouth,Wisconsin,2023-12-24,JCB 16 digit
408,Gary Lawrence,apatel@example.net,393 Rebecca Flats,East Lacey,Arkansas,2024-02-28,JCB 16 digit
409,Dawn Byrd,zachary58@example.net,706 Christian Land Apt. 257,Floreshaven,Colorado,2025-04-25,JCB 16 digit
410,Steven Logan,stephanieroberts@example.com,4570 Heather Inlet Apt. 938,Freemanmouth,Minnesota,2025-01-22,Mastercard
411,Ruth Burton,qlozano@example.org,5283 Monique Junctions,South Austinshire,Oklahoma,2025-09-19,VISA 16 digit
412,Meredith Bird,arthur16@example.net,291 Williams Pass,Guerrerohaven,Massachusetts,2024-11-07,American Express
413,John Terrell,dsteele@example.net,4232 Paula Branch,New Stephanie,Rhode Island,2025-01-14,JCB 16 digit
414,Juan Mendoza,chasevargas@example.org,695 Thomas Roads,Davisport,Nebraska,2024-12-28,VISA 16 digit
415,Brenda Park,neilfaulkner@example.org,14702 Michael Flat,Port Chadmouth,South Carolina,2025-09-23,Diners Club / Carte Blanche
416,Jeremy Burnett,amber05@example.com,11489 Thomas Throughway Apt. 217,East Stephenberg,California,2024-02-12,JCB 16 digit
417,Elizabeth Oconnor,jonathan20@example.net,247 Hudson Islands,Carlmouth,Tennessee,2024-10-18,Discover
418,Nicholas Ochoa,jamesmoon@example.net,7948 Long Dam Suite 435,Sanchezville,North Carolina,2024-12-16,JCB 15 digit
419,Brandon Carpenter,daniel45@example.net,47620 Jensen Motorway,Lake Franklin,North Dakota,2025-06-01,American Express
420,Daniel Sanchez,juansmith@example.net,642 Juan Land,Lake Maryhaven,Kansas,2024-08-25,VISA 16 digit
421,Katherine Lambert,karen15@example.com,58535 Medina Cliffs Apt. 422,East Jacobview,Iowa,2025-01-16,VISA 16 digit
422,Kerry Vaughn,timothy25@example.net,43061 Nelson Ports,Lake Crystal,Arkansas,2024-12-18,Diners Club / Carte Blanche
423,Jennifer Johnson,thompsonelizabeth@example.net,11444 Andres Mall,Melaniestad,New Hampshire,2024-05-23,JCB 16 digit
424,Amber Lopez,tinarodriguez@example.com,941 Giles Meadow,New Jennifer,Michigan,2024-10-21,JCB 15 digit
425,Rhonda Wilson,hoffmanmatthew@example.com,83706 Chad Ridge Suite 613,Davidchester,Mississippi,2024-05-06,VISA 16 digit
426,Julia Allen,zclark@example.org,51935 Hannah Lights Suite 195,South Kelly,New York,2025-08-28,VISA 16 digit
427,Janice Pace,wallerjeffrey@example.org,5103 Gibson Glens,Kimmouth,Nevada,2024-05-09,American Express
428,Michael Hernandez DDS,hhall@example.org,541 Anthony Junction,Davisport,Washington,2023-12-13,Mastercard
429,Anthony Krause,morgan18@example.net,69801 Lauren Points Suite 341,Salazarchester,New Jersey,2024-09-08,Maestro
430,Jeffrey Wheeler,taylorhall@example.com,69028 Burgess Springs Apt. 733,South Connorchester,Texas,2024-12-08,Discover
431,Tracey Brown,christopher50@example.org,38505 Jones Common,Jakeville,West Virginia,2024-01-09,Maestro
432,James Carter,lcameron@example.org,281 Davis Street Suite 918,South Alexis,Idaho,2025-07-31,VISA 19 digit
433,Melanie Martinez,berryadriana@example.org,8394 Paul Station Suite 634,Robertchester,California,2024-06-21,JCB 16 digit
434,Zachary Riggs,katrina44@example.org,7207 Nguyen Freeway,Williamsonside,Mississippi,2024-10-08,Diners Club / Carte Blanche
435,Heather Yates,jennifer07@example.com,81787 Matthew Pines,Pattersonhaven,Oklahoma,2024-02-15,VISA 16 digit
436,Matthew Young,joshua47@example.net,87644 Richard Stravenue Suite 207,New Jessica,Iowa,2025-10-01,Diners Club / Carte Blanche
437,Theresa Oneill,ashleycain@example.org,4144 Gallagher Green Apt. 739,Ramosview,Indiana,2024-11-07,Diners Club / Carte Blanche
438,Terry Kelly,psanchez@example.com,3932 Lopez Forks,North Nancy,North Carolina,2025-02-28,Diners Club / Carte Blanche
439,Gabriela Colon,brendannguyen@example.com,0781 Wolfe Corners Suite 465,Bryantown,Kentucky,2024-09-08,Maestro
440,Blake Ruiz,jeremybennett@example.com,95053 Andrew Bypass Apt. 589,Baileyland,Virginia,2024-11-16,JCB 16 digit
441,Dale Price,holmesamber@example.com,4315 Robert Extension,Markstad,Kansas,2025-11-23,JCB 16 digit
442,Arthur Martin,melissa25@example.org,978 Dickerson Avenue,Port Heathermouth,Oregon,2024-02-14,JCB 15 digit
443,Ann Marshall,hmarshall@example.com,9785 Jacob Centers,East Marilyn,Virginia,2025-06-10,VISA 13 digit
444,Rebecca Miles,williamskara@example.com,83426 Nicholas Station,Phillipschester,Hawaii,2025-03-28,Discover
445,Jeffrey Wheeler,debrasavage@example.net,432 Wilson Ramp,North Andrew,Georgia,2025-01-04,JCB 16 digit
446,John Baird,jesse18@example.net,8250 Wendy Highway,Williamsville,North Dakota,2025-11-05,American Express
447,Sarah Lewis,kfisher@example.org,25394 David Coves,Johnsonfort,Maine,2025-07-02,VISA 19 digit
448,Dakota Moore,joshua94@example.com,6072 Blake Grove Apt. 695,Ericaborough,Pennsylvania,2024-04-08,VISA 13 digit
449,Breanna Kemp,jeffery27@example.com,9833 Walter Flat Suite 096,West Jonathan,Louisiana,2025-02-10,Mastercard
450,Jessica Ellis,qsmith@example.com,64450 Cain Rapids Apt. 069,Port Christopher,Maine,2023-11-26,VISA 16 digit
451,Jonathan Johns,allison16@example.org,3798 Robert Road,Garnerside,Connecticut,2025-02-01,Discover
452,John Ball,smithangela@example.com,96133 Marquez Mountains Suite 313,Parrishfort,Michigan,2024-10-06,VISA 13 digit
453,Michelle Forbes,robinsonjoseph@example.org,4618 Powell Village Apt. 851,Kathrynfort,Colorado,2025-02-01,Mastercard
454,Ronald Gray,abarrett@example.com,79924 Kristopher Ranch,Lake Andrea,West Virginia,2025-10-17,Discover
455,Michael Jackson,lawrence36@example.com,4355 Sherry Mews,Garciaville,Arizona,2023-12-30,VISA 19 digit
456,Brenda Williams,martinchristopher@example.org,460 Hobbs Village Suite 597,New Justin,Tennessee,2025-07-27,JCB 16 digit
457,Nicholas Johnson,morenomichael@example.net,8473 Garcia Mountains Suite 863,Jacksonfurt,Georgia,2025-03-18,JCB 16 digit
458,Jaclyn Gates,bherrera@example.net,660 Garcia Knolls,Michaelfurt,Montana,2024-05-22,JCB 16 digit
459,Jacob Mckenzie,sarah78@example.net,4382 Paul Cliff,East Mariomouth,Massachusetts,2025-04-12,VISA 13 digit
460,Laura Stuart,timothymitchell@example.net,8176 Olivia Ville,Spencerville,Connecticut,2025-01-25,VISA 13 digit
461,Scott Barnes,aball@example.com,79279 Johnson Glen,New Caitlyn,Connecticut,2024-03-21,JCB 15 digit
462,Courtney Bishop,mmurphy@example.org,362 Jason Prairie Suite 217,Brittanystad,Montana,2024-02-06,JCB 15 digit
463,John Mitchell,lindacunningham@example.net,1927 Teresa Valley Apt. 342,Whitakerland,California,2025-02-02,VISA 19 digit
464,Dr. Jeremiah Palmer,steeleraymond@example.com,069 Daniel Ridges Apt. 337,South Jason,Washington,2024-12-02,VISA 13 digit
465,Christopher Welch,vanessajensen@example.net,83140 Morales Burgs,West Phillip,Missouri,2024-10-11,VISA 16 digit
466,Pamela Oneill,gonzaleznicholas@example.net,528 Estrada Village,Keithton,Virginia,2025-09-20,JCB 16 digit
467,Brett Lewis,joneseric@example.com,03998 Campbell Corners,Port Joshua,Nevada,2024-10-14,American Express
468,Stephanie Sims,elizabethryan@example.com,090 Alicia Lock,New Crystal,Arizona,2025-06-01,Mastercard
469,Gregory Whitaker,nkirk@example.com,5797 Shaun Parkway Suite 216,Brennanstad,Louisiana,2025-09-13,VISA 16 digit
470,Melissa Parker,chaseshaw@example.org,8931 Miller Trace,Christopherland,New Jersey,2024-09-03,VISA 13 digit
471,Sandra Snyder,regina68@example.com,19078 Scott Lakes,Joshuashire,Hawaii,2024-07-05,JCB 16 digit
472,Bethany Bennett,floresanthony@example.com,45870 Alyssa Hill,Brandyview,Mississippi,2024-09-06,Discover
473,David Rasmussen,guerreromatthew@example.com,79183 Calhoun Loaf,Port Jennifer,Louisiana,2025-10-02,JCB 16 digit
474,Brandi Nguyen,tony91@example.org,113 Webster Courts Apt. 504,New Heather,New Hampshire,2025-01-06,VISA 16 digit
475,Joseph Allen,obell@example.com,96783 Chelsea Ramp Suite 870,Port Ryanland,Arizona,2025-02-23,Discover
476,Oscar Flores,jerry16@example.org,232 James Island,Lake Sara,Maryland,2025-07-27,JCB 16 digit
477,Amanda Graves,stacy88@example.net,312 Sarah Well,East Austin,Hawaii,2024-10-20,Maestro
478,Ellen Baker,hernandezmichael@example.net,748 Melissa Fords Apt. 363,Johnsonville,North Dakota,2024-08-22,Diners Club / Carte Blanche
479,Brittany Donaldson,rachelfisher@example.com,71419 Richardson Mountains,Charlesberg,New York,2025-04-04,Mastercard
480,Robert Smith,gle@example.com,928 Collier Corner Apt. 740,East Charlesland,Hawaii,2024-10-09,VISA 19 digit
481,Austin Ellis,rbutler@example.com,20632 Horton Club,Zacharymouth,Indiana,2023-12-28,Mastercard
482,Anthony Callahan,kennethsmith@example.net,505 Randy Ports,Patriciashire,Maryland,2025-04-06,JCB 16 digit
483,Robert Johnson,diana46@example.net,8715 Whitney Station,Gabrielachester,Maine,2025-09-22,VISA 16 digit
484,William Lyons,jessicaramirez@example.com,000 Anthony Light,Karaberg,North Carolina,2024-09-02,JCB 15 digit
485,Dylan Parks,rkennedy@example.com,57971 Green Garden Suite 008,South Kevinhaven,Oregon,2024-04-29,American Express
486,Brianna Duncan,sheenahudson@example.com,4312 Danielle Glens,Moodymouth,Massachusetts,2024-03-17,Diners Club / Carte Blanche
487,Madison Leonard,uhall@example.org,0639 Amy Trail Apt. 250,Jamesbury,Arizona,2025-04-18,JCB 15 digit
488,Alex Potter,kelsey05@example.net,201 Lane Extension Suite 777,Susanfort,Nebraska,2024-03-02,VISA 16 digit
489,Rebecca Miller,duartejared@example.com,954 Gabriel Lock,Powellborough,Nebraska,2023-11-26,VISA 16 digit
490,Kevin Neal,heather36@example.com,226 Natalie Bypass,East Larry,New Jersey,2024-06-22,American Express
491,Emily Henderson,susancaldwell@example.net,2791 Joanne Forges Apt. 757,Meredithburgh,Illinois,2025-10-29,JCB 16 digit
492,Patrick Gomez,nbond@example.org,8896 Carly Stream Apt. 192,South Omarfort,Idaho,2024-12-20,VISA 16 digit
493,Lisa Ruiz,lindseyruiz@example.org,883 Case Mills Suite 915,Jacksonfurt,Florida,2025-01-07,VISA 16 digit
494,Robert Wilson,amy34@example.com,0880 Brandon Turnpike,Port Aliciaview,Massachusetts,2024-10-01,Mastercard
495,Alicia Avila,reidthomas@example.org,170 Green Views,Kylestad,South Carolina,2025-10-29,JCB 16 digit
496,Angela Davis,dfisher@example.com,04787 Myers Hill,Taylorberg,Massachusetts,2024-09-10,Diners Club / Carte Blanche
497,Kathleen Gonzalez,deleonchristopher@example.net,5873 Briana Greens Suite 904,Collinsmouth,Utah,2024-02-02,Mastercard
498,David Bailey,benjaminjonathan@example.org,488 Smith Common,Garrettland,Arkansas,2024-07-14,Diners Club / Carte Blanche
499,Katie Marshall,marcus50@example.org,20756 Sheena Bypass,Port Gloriaview,Pennsylvania,2025-03-29,VISA 19 digit
500,Anna Reilly,michelledavis@example.com,41727 Skinner Islands Apt. 162,Robertsberg,Delaware,2024-08-03,JCB 16 digit
