pet_id,name,species,breed,dob,owner_id
pet_f0f5a9fe,Hayley,Bird,Parakeet,2015-03-05,user_978a2458
pet_f9f815a0,Michael,Bird,Finch,2015-06-25,user_11e30e6e
pet_c3a33246,Edward,Cat,Persian,2014-06-25,user_fc719e33
pet_5f8a346a,David,Rabbit,Holland Lop,2013-03-14,user_a0ac281c
pet_01b49637,Michele,Rabbit,Netherland Dwarf,2015-04-04,user_220ef560
pet_21605a4c,Misty,Cat,Sphynx,2022-08-02,user_8616619b
pet_f4b6d404,Nathaniel,Dog,Labrador,2017-06-30,user_d7981080
pet_ef9d3a6a,Charles,Rabbit,Holland Lop,2013-05-21,user_89875a87
pet_16bf2b7a,Steven,Rabbit,Mini Rex,2024-02-16,user_3ecb5d7c
pet_f2ead829,Abigail,Rabbit,Netherland Dwarf,2021-01-29,user_f4d84ce4
pet_a4351719,Daniel,Rabbit,Mini Rex,2023-01-02,user_839f8082
pet_7aa431a5,Blake,Dog,Golden Retriever,2023-10-21,user_894bbc47
pet_57a8c2dd,Kimberly,Rabbit,Holland Lop,2015-12-06,user_08d5463f
pet_c4ca1925,Madeline,Bird,Finch,2020-05-26,user_2f8c1479
pet_8b5d7301,Larry,Bird,Finch,2023-01-10,user_20b2ffcc
pet_51d12dda,Erin,Cat,Bengal,2012-12-23,user_2f8c1479
pet_23b921bc,Amy,Bird,Finch,2010-01-07,user_eca44408
pet_6867a651,Jennifer,Cat,Bengal,2024-03-05,user_43c7b010
pet_e8845a50,Drew,Cat,Sphynx,2024-12-09,user_5a21b307
pet_ab2fe7b2,Heather,Cat,British Shorthair,2021-01-23,user_9c4c80d0
pet_36a7f54a,James,Cat,Bengal,2013-01-18,user_8616619b
pet_7a0d5183,Deanna,Rabbit,Netherland Dwarf,2016-05-20,user_9c1fce8b
pet_6c46cf75,Eric,Bird,Parakeet,2017-06-27,user_0b73da62
pet_86925127,Brandon,Bird,Cockatiel,2014-02-13,user_dc2475ca
pet_306fb0c9,Haley,Dog,Rottweiler,2021-04-18,user_7ebecc40
pet_61efc480,Kimberly,Cat,Persian,2023-08-26,user_deb56054
pet_16b9b49e,Stephanie,Bird,Cockatiel,2010-07-28,user_926d6f5c
pet_4b76cbb4,Michael,Rabbit,Mini Rex,2010-06-14,user_a10b3f21
pet_6d8f94ec,Amanda,Cat,Maine Coon,2010-12-26,user_c1bc3e65
pet_a78e446c,Reginald,Bird,Macaw,2025-03-12,user_b6f0e319
pet_7e479694,Antonio,Rabbit,Mini Rex,2025-04-23,user_8e486590
pet_6850fd11,Paul,Rabbit,Holland Lop,2019-04-23,user_ae022365
pet_fb4771ae,Jonathan,Rabbit,Mini Rex,2012-09-01,user_17f3661f
pet_b0aa312d,Richard,Bird,Cockatiel,2016-01-25,user_97df8aa1
pet_c74ad799,Grant,Cat,Ragdoll,2019-05-08,user_8616619b
pet_fd4a381c,Kristina,Bird,Cockatiel,2020-08-23,user_7b596707
pet_810fd546,Debbie,Cat,Persian,2012-05-03,user_1194d4df
pet_fa72dad5,Robert,Rabbit,Netherland Dwarf,2024-01-23,user_975b3bfe
pet_bd956f82,Patrick,Bird,Parakeet,2020-10-04,user_fe56f443
pet_293ac5ff,Faith,Cat,Ragdoll,2016-11-14,user_46fa55b2
pet_54406c4d,Thomas,Rabbit,Mini Rex,2014-09-19,user_2999abdc
pet_88792fd9,Elizabeth,Cat,Bengal,2023-12-03,user_6dfdba00
pet_2c6c4e70,Andrea,Rabbit,Mini Rex,2019-02-19,user_7bc84333
pet_91e0b7fe,Robert,Cat,British Shorthair,2014-09-24,user_d806084f
pet_8e95300d,Vickie,Bird,Finch,2018-03-25,user_aa33c894
pet_082f8447,Paul,Cat,British Shorthair,2014-09-04,user_8ed9eea6
pet_c464964e,Melissa,Cat,Sphynx,2022-11-04,user_70f86508
pet_a2d53c1f,Amanda,Rabbit,Netherland Dwarf,2014-08-05,user_84194b6d
pet_009e0802,Scott,Dog,Labrador,2012-07-15,user_f0d346f7
pet_60e54897,Greg,Bird,Macaw,2013-12-26,user_bdf21cc6
pet_5bf4d21c,Julie,Bird,Cockatiel,2017-03-15,user_096f4f1a
pet_02837d17,Michael,Cat,British Shorthair,2023-05-12,user_1687f027
pet_2deeda94,Adam,Dog,Rottweiler,2019-09-26,user_b5482564
pet_5385f12f,Kyle,Dog,Beagle,2015-09-13,user_e81e3c08
pet_4ca12784,Roberta,Dog,Rottweiler,2025-07-14,user_8a7361f5
pet_ede0dd94,Brittney,Bird,Finch,2023-03-20,user_839f8082
pet_353ae6f5,Ann,Dog,Beagle,2020-12-07,user_310d8601
pet_c88d9a90,Brandon,Rabbit,Netherland Dwarf,2016-08-02,user_2313b6ab
pet_8e8a3b91,Jessica,Rabbit,Holland Lop,2023-11-13,user_7b665d10
pet_58bc6d2b,Michael,Dog,Poodle,2021-06-15,user_3d2bd85f
pet_80096d47,Patricia,Rabbit,Holland Lop,2019-07-25,user_7e6f3142
pet_2a7a58b0,Heather,Cat,Ragdoll,2010-07-04,user_220ef560
pet_40de8bff,Michael,Cat,British Shorthair,2024-02-19,user_4cdd11d9
pet_6edd2b94,Elizabeth,Rabbit,Netherland Dwarf,2011-07-17,user_2313b6ab
pet_6abc83a0,Jose,Cat,Siamese,2013-04-10,user_fc719e33
pet_4c225a1b,David,Rabbit,Holland Lop,2024-01-03,user_85f367a5
pet_8d1fe964,Theresa,Dog,Beagle,2019-12-25,user_5a875cf5
pet_e0bc13e1,Jennifer,Rabbit,Mini Rex,2010-01-27,user_7ac0fc15
pet_b10f9249,Lisa,Rabbit,Mini Rex,2009-11-18,user_c873ba00
pet_72dacdd3,Jermaine,Bird,Parakeet,2011-02-14,user_7602a87c
pet_24904c10,George,Cat,British Shorthair,2017-08-13,user_41dd348f
pet_fee70804,Lisa,Dog,Labrador,2016-11-27,user_211fe4af
pet_84fdea44,Joseph,Bird,Parakeet,2011-10-15,user_08d5463f
pet_11e94207,Alexandria,Dog,Dachshund,2021-09-04,user_43c7b010
pet_25582e37,Debra,Dog,Labrador,2020-02-29,user_bd2fee11
pet_cb81d0d0,David,Cat,Siamese,2015-06-03,user_e74254ee
pet_c95292b3,Savannah,Bird,Parakeet,2009-12-24,user_d3e81ea4
pet_60fef5b9,Jason,Bird,Parakeet,2012-12-11,user_c624254e
pet_6cb50bf9,John,Cat,Siamese,2016-09-18,user_b9a0f59f
pet_2daf6cf5,Cody,Dog,Dachshund,2013-04-24,user_d3939a53
pet_9a6829f9,Jerry,Bird,Parakeet,2014-12-15,user_877ba923
pet_eb98096a,Jeremy,Rabbit,Netherland Dwarf,2011-06-02,user_ab2f71b5
pet_b437d8ae,Kathryn,Bird,Macaw,2010-10-06,user_549e142a
pet_ff0ebe60,Andrew,Rabbit,Mini Rex,2011-05-19,user_a10b3f21
pet_842323bd,Matthew,Bird,Parakeet,2019-03-26,user_b8cf6873
pet_c3676b23,Beth,Bird,Finch,2020-02-13,user_34fdf1c6
pet_cf2b0f42,Joshua,Rabbit,Netherland Dwarf,2019-06-25,user_8a7361f5
pet_658a7bea,David,Dog,Poodle,2010-03-11,user_f88e150f
pet_2bf77b48,Rodney,Rabbit,Mini Rex,2019-06-23,user_4f56770a
pet_8e1f524e,Phillip,Cat,Ragdoll,2010-08-07,user_17bb6928
pet_6166e134,Manuel,Bird,Finch,2017-10-06,user_f88e150f
pet_7fb76efb,Dylan,Rabbit,Netherland Dwarf,2018-02-28,user_37c157d2
pet_cb840079,Elizabeth,Dog,Labrador,2012-06-29,user_ba2a2b1d
pet_78adb507,Michael,Cat,Sphynx,2019-05-16,user_917bbd88
pet_99f26837,Nicholas,Cat,Bengal,2011-11-23,user_5c8fad6f
pet_d5f67cf5,Kimberly,Dog,Dachshund,2023-07-06,user_6ff09ade
pet_9c2c422d,Patrick,Bird,Parakeet,2023-07-29,user_0da65777
pet_3a8be005,James,Dog,Rottweiler,2022-06-05,user_59b6034a
pet_d853fc6d,Erin,Rabbit,Holland Lop,2024-05-30,user_58f75696
pet_d7982867,Cindy,Cat,Maine Coon,2011-02-08,user_88d94f4d
pet_e36699d7,Meghan,Dog,German Shepherd,2020-05-25,user_34a79963
pet_213d8a7c,Russell,Rabbit,Mini Rex,2015-09-16,user_4c32d8f3
pet_892b511f,Ebony,Cat,British Shorthair,2014-10-29,user_35596555
pet_2fac2342,Scott,Rabbit,Netherland Dwarf,2012-05-02,user_ed21bf23
pet_c92b0b2e,Lisa,Cat,Persian,2017-12-21,user_a07f3e12
pet_5758c632,Steven,Rabbit,Mini Rex,2019-05-21,user_fce256a9
pet_6f5d7ee1,Anthony,Cat,Persian,2013-11-25,user_3d01aae3
pet_a7f9d44e,Jacqueline,Dog,Poodle,2015-06-29,user_4f87b451
pet_9636b2b9,Adam,Cat,British Shorthair,2014-04-11,user_c0c3e329
pet_34c3247f,Jeffrey,Dog,Golden Retriever,2015-02-10,user_9c1fce8b
pet_5667a20d,Sylvia,Rabbit,Holland Lop,2014-11-22,user_1194d4df
pet_659e3300,Breanna,Dog,Golden Retriever,2020-07-20,user_37a579fc
pet_92a0cd39,Joseph,Rabbit,Holland Lop,2013-06-06,user_39e82720
pet_6c5a18e2,Jane,Dog,Bulldog,2022-05-21,user_096f4f1a
pet_ed9ede2c,Shawn,Cat,British Shorthair,2023-10-28,user_654f9fdf
pet_a32ca081,Jackson,Bird,Cockatiel,2013-01-27,user_937abd70
pet_c377a5fb,Angela,Bird,Macaw,2011-11-26,user_ac9f9608
pet_de44609e,Erika,Dog,German Shepherd,2025-04-11,user_64275f27
pet_f0ed4fad,Joseph,Bird,Cockatiel,2014-12-28,user_7ac0fc15
pet_766cea4b,Donald,Bird,Finch,2014-07-12,user_11e23254
pet_fff3d9b9,Lauren,Dog,Labrador,2025-03-19,user_deb56054
pet_6089aef8,Eric,Cat,Siamese,2015-08-28,user_37a579fc
pet_07e64ac9,Rachel,Rabbit,Mini Rex,2023-06-26,user_39e82720
pet_c831f4f7,Richard,Cat,Siamese,2015-06-25,user_c297aefc
pet_6c6889ea,Eric,Cat,Maine Coon,2021-09-04,user_8adf256d
pet_778d543c,Darren,Rabbit,Mini Rex,2013-02-20,user_d7981080
pet_e67436d6,Randall,Bird,Parakeet,2024-01-09,user_521a292c
pet_a6505f05,Max,Cat,Maine Coon,2011-05-02,user_bd82fcaa
pet_5a635acc,Amanda,Bird,Parakeet,2021-04-22,user_45d0f502
pet_fb40692e,Scott,Bird,Macaw,2024-07-14,user_832cb20e
pet_78fb7ae5,Mark,Dog,Bulldog,2024-10-13,user_3a2ad0fa
pet_48c1939e,Andre,Rabbit,Holland Lop,2013-04-13,user_cb2043c5
pet_82612c7d,Travis,Cat,British Shorthair,2013-06-13,user_bdd09c1b
pet_24b83b63,Stephanie,Dog,German Shepherd,2021-12-02,user_d7e6aaa8
pet_7b04ff63,Amanda,Rabbit,Mini Rex,2018-09-29,user_608151f5
pet_12877f95,Courtney,Bird,Cockatiel,2013-11-18,user_cb2043c5
pet_23f8bb44,Shawn,Dog,Dachshund,2017-05-16,user_43e4bc2b
pet_8609e1d5,Emily,Bird,Parakeet,2020-10-01,user_2bb7a51f
pet_2773d901,Michelle,Cat,Persian,2020-04-18,user_8e41c455
pet_f35c2989,Eric,Cat,Siamese,2019-12-24,user_fb59d314
pet_a381bffb,Travis,Rabbit,Mini Rex,2016-09-09,user_6175c740
pet_50771c18,Tracey,Bird,Parakeet,2022-03-10,user_457a0203
pet_e29c0791,Harold,Rabbit,Netherland Dwarf,2012-07-21,user_894bbc47
pet_c1c2490e,Michelle,Cat,Ragdoll,2025-09-22,user_94c8a7aa
pet_d5c567a4,Justin,Bird,Macaw,2025-01-30,user_b5482564
pet_bda775a7,Kari,Dog,Dachshund,2018-09-03,user_5a875cf5
pet_17c89f2f,John,Dog,German Shepherd,2013-10-18,user_fabf43c0
pet_622dd82f,Rick,Cat,Siamese,2024-07-30,user_4f0a2cfe
pet_244c1da9,Paul,Dog,German Shepherd,2011-03-04,user_d3e81ea4
pet_6a787c70,Matthew,Rabbit,Netherland Dwarf,2024-06-14,user_457a0203
pet_4e420dac,Jason,Bird,Parakeet,2021-08-04,user_e994b56f
pet_fd168c1d,Nichole,Bird,Cockatiel,2023-06-07,user_fb04ecb2
pet_bec72ebd,Christopher,Bird,Cockatiel,2018-11-28,user_8b934c9d
pet_a14b904d,Meghan,Dog,Labrador,2017-02-20,user_7ac0fc15
pet_1b89f5ba,Jerome,Bird,Finch,2021-07-01,user_efbff446
pet_5bac8a5d,Kenneth,Cat,British Shorthair,2016-06-28,user_fca5767b
pet_748c479a,Robert,Dog,Poodle,2010-08-31,user_14bf7791
pet_9e19947d,Annette,Cat,Sphynx,2022-05-31,user_0a4bea23
pet_2056620b,Erin,Dog,Beagle,2018-02-15,user_64275f27
pet_24ef274a,Shane,Rabbit,Holland Lop,2017-06-06,user_18f1bae9
pet_9a39d6e2,James,Cat,British Shorthair,2020-05-07,user_2a1e1c88
pet_d9ccbbc3,Tammy,Cat,Persian,2022-11-20,user_7b3b3e96
pet_82fad10c,Ashley,Cat,Ragdoll,2015-05-18,user_3fbb6038
pet_71de5ccb,Patricia,Rabbit,Holland Lop,2022-02-14,user_45b3122b
pet_719a6d48,John,Bird,Cockatiel,2013-11-06,user_412e65fa
pet_5295a01e,Amanda,Dog,Golden Retriever,2019-01-21,user_e739e380
pet_4f72879d,Joanna,Bird,Finch,2018-04-04,user_8bff8506
pet_50b1ed55,Brooke,Rabbit,Mini Rex,2024-03-22,user_19dbc96e
pet_8d5efede,Lauren,Cat,Bengal,2016-06-07,user_e510c616
pet_dd931bf9,Samantha,Rabbit,Mini Rex,2016-08-19,user_2313b6ab
pet_660699c9,Amanda,Bird,Parakeet,2010-09-11,user_d7981080
pet_c219ef40,Tina,Dog,Golden Retriever,2010-09-08,user_96090d39
pet_67e71de9,Patricia,Rabbit,Holland Lop,2023-01-27,user_11e30e6e
pet_a7f01974,Elaine,Bird,Parakeet,2009-12-02,user_a6dbbc4e
pet_296853e1,Tamara,Rabbit,Mini Rex,2014-11-12,user_94fe3db4
pet_2f429043,Marcus,Rabbit,Mini Rex,2019-07-30,user_107b739b
pet_24579400,Anita,Rabbit,Netherland Dwarf,2013-12-11,user_afcda344
pet_7756b4e2,Frank,Bird,Finch,2012-04-13,user_3d2bd85f
pet_710fb1ff,Zachary,Rabbit,Holland Lop,2025-08-25,user_d2982515
pet_1af33a32,Margaret,Dog,Bulldog,2024-11-10,user_b0bf6339
pet_c17f9dce,Rebecca,Dog,Dachshund,2021-03-08,user_09382405
pet_26c0cb80,Jennifer,Bird,Macaw,2017-04-30,user_4083fd6b
pet_a8d2fb6b,Alex,Bird,Macaw,2024-12-07,user_9621ea08
pet_1e3d6e9b,Eddie,Cat,British Shorthair,2017-03-04,user_a7341b87
pet_ca709137,Joseph,Rabbit,Holland Lop,2011-08-14,user_6175c740
pet_e7b62fef,Ashley,Bird,Parakeet,2022-12-24,user_09382405
pet_47bc9041,Andrew,Rabbit,Mini Rex,2015-06-05,user_e4288b9d
pet_3fe2697a,Katherine,Cat,Persian,2015-07-10,user_7feabfdb
pet_b97ee940,Betty,Bird,Parakeet,2011-07-08,user_447c1c2c
pet_85340eea,Danielle,Cat,British Shorthair,2011-06-18,user_554ccc4e
pet_c141500e,Thomas,Rabbit,Netherland Dwarf,2021-07-06,user_d9f5c2de
pet_c7fd2d9c,Sean,Bird,Cockatiel,2020-05-01,user_37c157d2
pet_423d2016,Vanessa,Bird,Parakeet,2017-06-30,user_f510685e
pet_3ebc7a96,David,Dog,Dachshund,2011-12-14,user_d7981080
pet_e1119e3a,Joseph,Bird,Parakeet,2015-04-20,user_8d969c7b
pet_0cf54d67,Carol,Rabbit,Mini Rex,2020-08-05,user_90225e3a
pet_8d413967,Juan,Cat,British Shorthair,2017-11-08,user_7ebecc40
pet_3bc79cd0,Jeffrey,Cat,Bengal,2013-01-10,user_dc90e853
pet_5c5399c2,Pamela,Dog,Dachshund,2017-08-23,user_edd7aabd
pet_0a294124,Anne,Cat,Maine Coon,2010-10-12,user_710567eb
pet_502e6f3f,Bryan,Cat,British Shorthair,2010-06-07,user_9621ea08
pet_245d4b14,William,Bird,Macaw,2009-12-28,user_41f81346
pet_b8601bfc,Ashley,Bird,Finch,2017-11-27,user_37a579fc
pet_2fcdc31d,Christopher,Cat,Persian,2015-04-12,user_839f8082
pet_46f45e2a,Stephen,Bird,Parakeet,2023-01-27,user_2c40c3a2
pet_4b7c8602,Jonathan,Dog,Labrador,2012-03-17,user_59c70df7
pet_d87327f3,Omar,Rabbit,Mini Rex,2015-02-19,user_43e4bc2b
pet_3c201985,Christopher,Bird,Cockatiel,2013-03-20,user_ae022365
pet_a616212b,Juan,Cat,Siamese,2013-11-04,user_8a3e021b
pet_dc6685ba,Kelly,Rabbit,Mini Rex,2012-03-13,user_5390199c
pet_ad7061bd,Thomas,Cat,Sphynx,2012-03-06,user_ad254934
pet_9d97c5ae,Amanda,Cat,Maine Coon,2020-06-07,user_3d2bd85f
pet_5ce3edbf,Cody,Rabbit,Netherland Dwarf,2025-06-18,user_fa6d155f
pet_ae8465cf,Kyle,Cat,Persian,2015-08-01,user_8c17bc0b
pet_9fdf899f,Janice,Bird,Finch,2013-02-04,user_549e142a
pet_d24f4b82,Nancy,Cat,Siamese,2020-09-15,user_08d5463f
pet_546458cf,Randall,Bird,Macaw,2010-09-05,user_0ac481d1
pet_60e8f30c,Tyrone,Rabbit,Holland Lop,2016-01-12,user_5a88810f
pet_f482efc1,Benjamin,Cat,Siamese,2020-02-08,user_8b934c9d
pet_bdeec675,Jessica,Cat,Siamese,2014-10-16,user_30bba31b
pet_d8e0f26d,Amy,Bird,Finch,2022-01-18,user_f898f2e2
pet_edbbbd4c,Gabrielle,Dog,Labrador,2024-12-21,user_efbff446
pet_d42d2c32,Ronald,Rabbit,Holland Lop,2017-10-06,user_e994b56f
pet_53ebac7a,Antonio,Rabbit,Holland Lop,2021-04-18,user_5a56d213
pet_fc6ad889,Amber,Dog,Labrador,2020-10-22,user_d3939a53
pet_b09c787c,Andrew,Rabbit,Netherland Dwarf,2015-09-18,user_6cb27f54
pet_a90e61f8,Robert,Dog,Poodle,2011-11-19,user_5c8fad6f
pet_432dbf85,Melissa,Rabbit,Mini Rex,2014-10-28,user_18f1bae9
pet_12216552,Juan,Rabbit,Mini Rex,2024-12-05,user_b6f0e319
pet_cd49e3a8,Brandy,Rabbit,Mini Rex,2019-02-11,user_e739e380
pet_db1d4ee1,Jennifer,Cat,Sphynx,2023-12-12,user_80b5e25c
pet_2cce5e4d,Lisa,Cat,Ragdoll,2017-03-29,user_7e6f3142
pet_c749cab2,Benjamin,Bird,Macaw,2013-11-09,user_c9f2836d
pet_d9f7b08f,Ray,Bird,Finch,2023-12-31,user_3bad2297
pet_6eb2aa0a,Lauren,Dog,Poodle,2015-08-06,user_09cd8dc0
pet_6fd3abd8,Kenneth,Dog,Bulldog,2017-05-09,user_64275f27
pet_54ea2b34,Glenda,Bird,Parakeet,2020-08-29,user_396fc424
pet_fb9a9285,Henry,Cat,British Shorthair,2010-12-25,user_5c7c8ecb
pet_4ee4be8c,Shawn,Cat,Ragdoll,2017-09-01,user_fb04ecb2
pet_9616d4e9,Janet,Dog,German Shepherd,2012-05-08,user_4c2a5fa9
pet_3d0c6d9f,Harry,Cat,Maine Coon,2021-05-21,user_b9a0f59f
pet_98f02a1b,Benjamin,Dog,Labrador,2012-08-13,user_edd7aabd
pet_58269081,Cassandra,Cat,Bengal,2018-06-30,user_ed21bf23
pet_0415921b,Margaret,Dog,German Shepherd,2019-03-16,user_1194d4df
pet_2b6e7bee,Paige,Rabbit,Holland Lop,2010-07-18,user_670f09e8
pet_21981706,Charlotte,Rabbit,Netherland Dwarf,2025-04-22,user_574a0e82
pet_e8967dc0,Nicholas,Dog,Dachshund,2021-10-08,user_2b429a59
pet_4f5e4ddd,Robert,Bird,Cockatiel,2012-09-26,user_0a97a42c
pet_01b3bba5,Michele,Dog,Bulldog,2014-02-27,user_8b333720
pet_53ca1846,Joshua,Bird,Cockatiel,2021-03-19,user_0c43fdc9
pet_47046cbf,Kelly,Rabbit,Netherland Dwarf,2023-06-13,user_c24583ba
pet_e671a4e3,Andrea,Bird,Macaw,2020-05-21,user_96283822
pet_2d216ce7,Katrina,Rabbit,Mini Rex,2018-08-19,user_34b7ec93
pet_b09ec09f,Kyle,Rabbit,Mini Rex,2022-09-18,user_211fe4af
pet_0b3d4ab0,Todd,Dog,Poodle,2013-09-20,user_ba2a2b1d
pet_3b6faf90,Brenda,Rabbit,Netherland Dwarf,2016-12-21,user_20b2ffcc
pet_cccddbdf,Stephanie,Bird,Macaw,2021-05-15,user_7feabfdb
pet_a5de0893,Peter,Dog,Rottweiler,2017-07-19,user_e20c6d90
pet_45931029,Donald,Rabbit,Mini Rex,2023-04-29,user_96090d39
pet_b28fac7d,Robert,Dog,Bulldog,2025-02-24,user_d75f5d3b
pet_45d7cb2b,Haley,Bird,Macaw,2011-09-04,user_7ab0a141
pet_6decad05,Keith,Bird,Parakeet,2022-08-10,user_42161444
pet_a6071a12,Breanna,Rabbit,Netherland Dwarf,2023-05-27,user_2313b6ab
pet_14b3bb87,Charles,Bird,Finch,2014-09-24,user_a0f3111d
pet_8bc632ff,Natalie,Cat,Maine Coon,2013-12-09,user_95262522
pet_35d5393d,Brandon,Rabbit,Holland Lop,2020-02-06,user_c8e516a9
pet_f743eeca,Bruce,Rabbit,Holland Lop,2016-02-01,user_7b3b3e96
pet_f5b50e8c,Matthew,Cat,Bengal,2024-04-06,user_ee53a594
pet_d0cf0c04,Michelle,Cat,Bengal,2017-03-05,user_baf8d82a
pet_0f6653bc,Joshua,Cat,Sphynx,2012-02-08,user_bd2fee11
pet_f5b0571a,Benjamin,Dog,German Shepherd,2010-10-16,user_318156eb
pet_8182a991,Jessica,Bird,Macaw,2015-09-03,user_75b7981d
pet_a9c08824,David,Bird,Finch,2021-10-02,user_8dc6876d
pet_d12ac929,Sarah,Bird,Parakeet,2024-10-31,user_7b3b3e96
pet_78aa1721,Susan,Rabbit,Netherland Dwarf,2024-07-11,user_9c8ab32d
pet_93e3d244,Hannah,Rabbit,Netherland Dwarf,2025-05-29,user_64275f27
pet_809a1a2d,Kevin,Rabbit,Netherland Dwarf,2022-01-25,user_08f79db3
pet_3fed3bb7,Sandra,Bird,Macaw,2020-03-14,user_c7cd2802
pet_237a4bb6,Megan,Dog,Golden Retriever,2017-08-12,user_d3b1a8ac
pet_553629b7,Sandra,Dog,Labrador,2019-07-18,user_554ccc4e
pet_b2cf0c1d,Christopher,Rabbit,Mini Rex,2021-01-30,user_fdada35c
pet_ad696fe8,Brandi,Cat,Bengal,2018-03-29,user_c5feed9a
pet_ce477c5e,Caroline,Dog,Bulldog,2022-09-29,user_978a2458
pet_88318818,Cassandra,Bird,Finch,2020-06-24,user_ca38d711
pet_d5a187ce,Audrey,Dog,Golden Retriever,2010-09-07,user_3cd2c188
pet_37fc17cb,William,Dog,Dachshund,2022-02-19,user_a581d769
pet_d4793356,Colleen,Rabbit,Netherland Dwarf,2017-01-26,user_fca5767b
pet_3a01d810,Brittany,Bird,Cockatiel,2023-11-01,user_7ddef1d2
pet_c4c95a96,Patricia,Rabbit,Netherland Dwarf,2019-04-26,user_19dbc96e
pet_67e5ed3c,Martha,Bird,Macaw,2021-06-19,user_17f3661f
pet_3b46e7e3,Anna,Rabbit,Netherland Dwarf,2012-05-01,user_90225e3a
pet_4e9da648,Sara,Rabbit,Holland Lop,2023-02-09,user_f898f2e2
pet_808a242e,Sara,Bird,Parakeet,2022-09-17,user_c1bc3e65
pet_50ea1483,Kimberly,Cat,Sphynx,2022-08-13,user_b86d7c0b
pet_5a85ad1e,Luis,Dog,Rottweiler,2015-07-28,user_b8cf6873
pet_418ee2e1,Edward,Cat,Siamese,2013-09-28,user_64275f27
pet_4b043a01,Cynthia,Dog,Labrador,2012-01-14,user_3bad2297
pet_b891858f,Julia,Cat,British Shorthair,2020-06-02,user_a106f39c
pet_850364f5,Michael,Rabbit,Holland Lop,2024-12-15,user_94c32b3b
pet_96df4780,Katrina,Rabbit,Mini Rex,2018-05-03,user_220ef560
pet_2e5aca04,Robert,Cat,Sphynx,2023-05-07,user_fc719e33
pet_e1a7d934,Cody,Dog,Bulldog,2012-12-13,user_b5bbbf92
pet_da3ed021,Katie,Dog,Bulldog,2013-05-12,user_d60f9c18
pet_68000df1,Pamela,Rabbit,Holland Lop,2012-04-28,user_6175c740
pet_270d463b,Michael,Rabbit,Netherland Dwarf,2013-12-06,user_72a93ff4
pet_39acb27e,Thomas,Rabbit,Holland Lop,2011-01-19,user_310d8601
pet_86b8a245,Aaron,Dog,Dachshund,2024-05-31,user_3d475b44
pet_9461c32d,Allison,Rabbit,Netherland Dwarf,2010-07-26,user_8a3e021b
pet_0cdc9a6b,Suzanne,Cat,Ragdoll,2020-07-07,user_65c5f36e
pet_2d6c6e2b,Chelsea,Dog,Rottweiler,2019-09-26,user_ba852982
pet_edd191d1,Bradley,Rabbit,Holland Lop,2023-04-22,user_8c73298e
pet_97214582,Diane,Rabbit,Netherland Dwarf,2015-03-08,user_58f75696
pet_32545425,Jaime,Bird,Macaw,2012-07-14,user_cace5d4e
pet_0868cae6,Tamara,Bird,Cockatiel,2017-11-26,user_1d0d11fa
pet_23115921,Katelyn,Cat,British Shorthair,2021-05-28,user_b84734d3
pet_33222c5b,Eric,Rabbit,Mini Rex,2010-03-31,user_d660af72
pet_64b61597,Julie,Dog,Dachshund,2020-03-20,user_5c7c8ecb
pet_2a6099fd,Philip,Bird,Finch,2016-07-09,user_030238c0
pet_392af71b,Jean,Rabbit,Netherland Dwarf,2013-12-19,user_3fbb6038
pet_95d99ccd,Nicholas,Cat,Sphynx,2017-08-11,user_cace5d4e
pet_b8f36bdc,Brandon,Bird,Finch,2024-10-08,user_5dde3b59
pet_978d3e15,Andrea,Rabbit,Holland Lop,2023-12-15,user_fca5767b
pet_d2fcf414,Stephen,Cat,Ragdoll,2023-09-13,user_35596555
pet_86aae961,Michael,Rabbit,Holland Lop,2016-11-08,user_65b2d2fa
pet_f7a2c711,Wanda,Dog,Bulldog,2018-10-22,user_f8fd6bac
pet_91138ca5,Jasmin,Dog,Poodle,2023-04-06,user_f4d84ce4
pet_fc16adf8,Tammy,Bird,Macaw,2015-03-13,user_8ed9eea6
pet_849bab3e,Deborah,Cat,Ragdoll,2022-01-28,user_7cb2b054
pet_927f4e2e,Nathan,Rabbit,Holland Lop,2016-07-29,user_220ef560
pet_69026a77,Stacey,Bird,Finch,2025-09-10,user_b8cf6873
pet_e78d7d8b,Gina,Rabbit,Holland Lop,2016-04-12,user_978a2458
pet_a565f1cc,Jerry,Cat,Ragdoll,2018-07-24,user_093feffa
pet_0ea2a1e3,Cameron,Rabbit,Holland Lop,2022-01-29,user_b5bbbf92
pet_05687d81,William,Bird,Macaw,2009-11-25,user_96090d39
pet_f0ca656c,Jocelyn,Rabbit,Holland Lop,2014-12-08,user_318156eb
pet_7d90ea48,Brandon,Dog,Rottweiler,2015-04-29,user_6175c740
pet_58f75a94,Michael,Bird,Finch,2020-01-02,user_94c8a7aa
pet_bd980615,Matthew,Bird,Parakeet,2011-04-26,user_710567eb
pet_7e260319,Jody,Bird,Macaw,2019-06-29,user_da02037c
pet_2f6f28bb,James,Bird,Macaw,2025-10-05,user_a0a9f1e7
pet_e6eefbdc,Cassandra,Cat,Sphynx,2015-09-28,user_55fb1e0c
pet_6165194c,Amy,Rabbit,Mini Rex,2021-06-02,user_8f4c8fb1
pet_7a2e3273,Amber,Bird,Finch,2023-04-20,user_536c3b43
pet_612a578b,Oscar,Rabbit,Netherland Dwarf,2023-01-16,user_b0bf6339
pet_c59ce199,Carolyn,Cat,Ragdoll,2024-04-13,user_6bc315b9
pet_f38bdca2,Brandi,Cat,Siamese,2009-11-13,user_8ed9eea6
pet_09761cdd,Amber,Rabbit,Netherland Dwarf,2017-08-26,user_083db76f
pet_ac2fdfe7,Catherine,Rabbit,Mini Rex,2017-02-27,user_22a061d8
pet_aba71848,Lisa,Bird,Cockatiel,2010-05-29,user_e8053cff
pet_3558d080,Pamela,Dog,Poodle,2014-06-22,user_bf63bf26
pet_98018b89,Kayla,Bird,Cockatiel,2020-10-06,user_c8e516a9
pet_01bc9b69,Amanda,Bird,Macaw,2019-11-26,user_1c851466
pet_7f50448a,Daniel,Rabbit,Mini Rex,2019-06-25,user_5a56d213
pet_974b0dd6,Morgan,Cat,Maine Coon,2018-01-21,user_2bb7a51f
pet_de220ffb,April,Bird,Cockatiel,2023-11-26,user_64275f27
pet_bcf70079,Pamela,Cat,Siamese,2022-09-21,user_355c0344
pet_82f2349c,Michelle,Dog,Labrador,2019-01-27,user_e6bf367f
pet_af20236c,Micheal,Cat,British Shorthair,2012-02-27,user_7ab0a141
pet_98f627fc,Mary,Cat,Persian,2024-04-17,user_97836844
pet_149366a1,Nicole,Rabbit,Holland Lop,2013-02-22,user_17bb6928
pet_1ce5fc5d,Andrew,Dog,German Shepherd,2020-12-16,user_a7341b87
pet_d7ad856d,Andrew,Dog,German Shepherd,2024-02-18,user_5287bddf
pet_c704e164,Katherine,Cat,Sphynx,2014-01-26,user_8f5b763b
pet_3b904378,Raymond,Dog,Rottweiler,2015-07-17,user_43347762
pet_0aa8fcc3,Katie,Dog,German Shepherd,2020-07-05,user_d6dc1cd7
pet_c3b17939,Sarah,Rabbit,Netherland Dwarf,2014-05-23,user_53637434
pet_4f10a949,Joel,Bird,Parakeet,2019-10-12,user_72a93ff4
pet_ab14bf9f,Jill,Dog,Labrador,2015-12-10,user_14914dba
pet_d9e0407c,Jody,Rabbit,Holland Lop,2023-10-14,user_7ebecc40
pet_5b1a4456,Jason,Bird,Cockatiel,2024-06-16,user_5287bddf
pet_a0a76f46,Christopher,Bird,Parakeet,2018-10-09,user_2f8c1479
pet_5bdf8d10,Donna,Dog,Labrador,2013-08-24,user_5c299aa7
pet_3ab47afa,Valerie,Dog,Dachshund,2020-08-05,user_a2238633
pet_3163e3f1,Derek,Cat,Persian,2011-01-07,user_3a2ad0fa
pet_e8a9ad7e,Vanessa,Bird,Parakeet,2022-09-28,user_3340d054
pet_77fa1d9e,Mark,Rabbit,Mini Rex,2020-11-29,user_a0ac281c
pet_ee30d0b5,Sarah,Rabbit,Netherland Dwarf,2023-01-21,user_6764aa35
pet_45c5d591,Rhonda,Rabbit,Netherland Dwarf,2025-08-05,user_89875a87
pet_9d75c31b,Sean,Rabbit,Holland Lop,2011-06-14,user_4f3f9477
pet_1fee96b9,Donald,Dog,Bulldog,2016-04-10,user_40cae0b8
pet_03994a1c,Adam,Dog,Golden Retriever,2023-12-24,user_5287bddf
pet_449a9a16,Jessica,Bird,Cockatiel,2022-05-19,user_c0ff455e
pet_b124607e,Eric,Bird,Finch,2025-02-17,user_7ac0fc15
pet_2f4b5b57,Brian,Cat,British Shorthair,2020-11-26,user_1bf9fddf
pet_cc5df609,Ariel,Dog,Poodle,2013-01-17,user_c0c3e329
pet_854406ee,Jennifer,Dog,Bulldog,2013-06-07,user_9a818fe0
pet_7efff05d,Sean,Dog,Beagle,2022-11-24,user_712ef807
pet_21bb8fc5,Courtney,Rabbit,Netherland Dwarf,2021-02-25,user_c1bc3e65
pet_5a1c52f7,Robert,Bird,Parakeet,2011-09-05,user_17f3661f
pet_a9aef924,Kathleen,Dog,Golden Retriever,2023-05-13,user_877ba923
pet_4b108833,Pamela,Dog,German Shepherd,2018-09-03,user_ee53a594
pet_56789362,Leah,Rabbit,Holland Lop,2021-08-30,user_5390199c
pet_14be6774,Donald,Cat,Siamese,2010-06-13,user_5960766b
pet_224bd015,Gary,Bird,Macaw,2020-12-07,user_4c2a5fa9
pet_d7d5ed62,Michelle,Dog,Golden Retriever,2021-10-07,user_222b0dfa
pet_c1bd87f4,Sara,Bird,Macaw,2023-05-08,user_3ecb5d7c
pet_055d039d,Hannah,Dog,Bulldog,2013-11-06,user_3340d054
pet_04cc82d5,Alexandra,Rabbit,Holland Lop,2018-12-20,user_c5b57a2b
pet_a15a8d7a,Bruce,Cat,Ragdoll,2016-10-29,user_e0df5b7c
pet_85e99022,Thomas,Rabbit,Mini Rex,2012-01-13,user_3a2ad0fa
pet_c9baea5c,Theresa,Bird,Macaw,2019-11-30,user_c0ff455e
pet_9725ceff,Laura,Bird,Parakeet,2023-01-19,user_8a7361f5
pet_230f1e38,Roger,Rabbit,Mini Rex,2022-03-03,user_c7cd2802
pet_759e540d,Joshua,Dog,Labrador,2017-07-28,user_3adf4cdc
pet_c8c6142f,Kenneth,Bird,Cockatiel,2024-02-10,user_9c4c80d0
pet_ad763011,Olivia,Bird,Macaw,2010-12-19,user_1d0d11fa
pet_9aa4370c,Catherine,Cat,British Shorthair,2011-11-29,user_d14d49ba
pet_3e1a1870,Anthony,Dog,Dachshund,2022-08-23,user_f510685e
pet_44a85aef,William,Bird,Finch,2019-04-16,user_bd82fcaa
pet_e8890094,John,Rabbit,Mini Rex,2025-09-23,user_da02037c
pet_c4232ffa,Melinda,Dog,Beagle,2024-05-14,user_577e556a
pet_65d02d29,Sarah,Cat,Persian,2023-11-24,user_38b91b3e
pet_c050f075,Richard,Bird,Parakeet,2021-01-07,user_396fc424
pet_702552ee,Brad,Dog,Rottweiler,2015-07-21,user_0ac481d1
pet_22de70d7,Claudia,Cat,Ragdoll,2012-02-24,user_9724fdf4
pet_a2e78566,Michael,Rabbit,Netherland Dwarf,2018-02-11,user_13c817c4
pet_50b9c922,Nicole,Cat,Sphynx,2021-11-24,user_bd82fcaa
pet_f2a5dc6d,Austin,Cat,Siamese,2017-07-25,user_a2238633
pet_8f32d656,Timothy,Dog,Labrador,2024-02-19,user_832cb20e
pet_ee580a79,Ryan,Bird,Cockatiel,2014-06-26,user_4f0a2cfe
pet_a9975260,Brittany,Dog,Beagle,2025-07-04,user_8e486590
pet_adf7f734,Victor,Rabbit,Mini Rex,2017-08-18,user_c03055f9
pet_f6da0724,Latoya,Bird,Finch,2025-09-18,user_f898f2e2
pet_f9a5d224,Deborah,Cat,Sphynx,2010-04-09,user_d757ff8b
pet_f65683e3,Sara,Dog,Dachshund,2015-06-19,user_c297aefc
pet_7d40e5b1,Brenda,Cat,Persian,2017-11-05,user_3340d054
pet_ce0521ea,Patricia,Bird,Parakeet,2010-12-31,user_53637434
pet_ed87e78f,Grace,Dog,Dachshund,2025-09-03,user_df72a397
pet_618dbb61,Jerry,Cat,British Shorthair,2017-04-03,user_ed21bf23
pet_2c608011,Krista,Rabbit,Holland Lop,2014-03-20,user_680b5866
pet_de184816,Melissa,Cat,Siamese,2011-08-07,user_e893e4ee
pet_f5b5979b,Gregory,Bird,Macaw,2017-09-08,user_715eff5d
pet_a8df3512,Karen,Dog,Rottweiler,2012-08-07,user_38b91b3e
pet_2ff1ed82,Kelsey,Dog,Bulldog,2019-07-02,user_8a3e021b
pet_2e49e777,Kaitlin,Cat,British Shorthair,2012-04-27,user_d9f5c2de
pet_ffe10787,Lori,Bird,Macaw,2024-05-19,user_3d01aae3
pet_3aa4b750,Paul,Bird,Cockatiel,2018-08-01,user_08f79db3
pet_abca83ea,Alejandra,Cat,British Shorthair,2024-10-02,user_34b7ec93
pet_13fde55b,Jennifer,Rabbit,Holland Lop,2016-01-18,user_84194b6d
pet_7d704035,Charles,Cat,Siamese,2018-01-07,user_a3f3ee3f
pet_f1b5a6c9,Joshua,Rabbit,Mini Rex,2022-09-26,user_10d6bff5
pet_cd1fb97a,Stephanie,Bird,Finch,2010-12-08,user_3bad2297
pet_46b96ec0,Cynthia,Cat,Sphynx,2018-12-24,user_195afb21
pet_c445e2d5,Christopher,Rabbit,Netherland Dwarf,2015-07-25,user_f88e150f
pet_0336b99d,Scott,Bird,Macaw,2017-09-12,user_7e6f3142
pet_fc815b1e,Angela,Dog,Golden Retriever,2023-08-02,user_95777dbc
pet_87850f04,Amber,Dog,Beagle,2018-01-02,user_c80898cc
pet_771c160d,Lauren,Cat,British Shorthair,2014-04-03,user_85f367a5
pet_8ce2b44e,Christina,Rabbit,Mini Rex,2010-08-07,user_a07f3e12
pet_c1ccc3ba,Rickey,Dog,Beagle,2014-08-27,user_e4c94cf2
pet_64936453,Jeffrey,Cat,Ragdoll,2010-09-18,user_97df8aa1
pet_2dd0e48a,Samantha,Bird,Finch,2014-02-21,user_3adf4cdc
pet_0733007e,Michael,Bird,Parakeet,2019-09-09,user_f898f2e2
pet_868cd8b8,Jose,Rabbit,Holland Lop,2022-12-08,user_b9018c25
pet_c4a9b834,Michael,Dog,Labrador,2017-12-06,user_2f8c1479
pet_7bc5626f,Colin,Rabbit,Netherland Dwarf,2015-09-14,user_005c33a7
pet_a5750912,Andrew,Rabbit,Mini Rex,2009-12-16,user_d6dc1cd7
pet_deb4f1a6,Steven,Dog,Labrador,2025-09-28,user_096f4f1a
pet_c0ebb6cd,Amber,Dog,Beagle,2019-03-30,user_4e57523f
pet_83de8410,Paul,Dog,Bulldog,2013-12-30,user_f93a9923
pet_08c6badd,Patricia,Rabbit,Netherland Dwarf,2010-12-25,user_a10b3f21
pet_905783f6,Michael,Bird,Parakeet,2018-05-31,user_87af62a7
pet_bbe9210f,Matthew,Dog,Labrador,2011-09-12,user_ce5bc562
pet_37bbe066,Miguel,Rabbit,Netherland Dwarf,2024-12-29,user_d3b1a8ac
pet_040a8c75,Benjamin,Bird,Cockatiel,2022-03-02,user_ee975e99
pet_d5e1945d,Ronnie,Bird,Cockatiel,2024-11-19,user_5960766b
pet_37953be1,Emily,Rabbit,Mini Rex,2017-04-13,user_00716e0d
pet_33dda8f8,Jesse,Cat,Persian,2011-08-29,user_69e24f0b
pet_b3314076,Anthony,Dog,Rottweiler,2025-04-09,user_b6f0e319
pet_57d351e9,Lisa,Dog,Labrador,2022-01-09,user_770cf705
pet_3912ebda,Peter,Cat,Persian,2013-09-16,user_edd7aabd
pet_91fa9cc3,Gabriella,Bird,Macaw,2023-03-27,user_608151f5
pet_d4601719,Vicki,Dog,Beagle,2014-01-31,user_14bf7791
pet_e3678704,Sarah,Cat,Bengal,2011-05-25,user_a09e5f26
pet_5ede8149,Stephen,Cat,Bengal,2016-05-26,user_e4c94cf2
pet_e000cdb2,Sandra,Dog,Beagle,2021-02-03,user_d65ec3b3
pet_8d755fb3,Brooke,Cat,Sphynx,2016-02-10,user_3d2bd85f
pet_2c5486fc,Glenn,Bird,Finch,2025-05-12,user_43c7b010
pet_a2b93d74,Melvin,Cat,Bengal,2021-03-07,user_46e05e1e
pet_875b065d,Stephanie,Dog,Golden Retriever,2013-11-10,user_536c3b43
pet_10c4e8c5,Meghan,Dog,Poodle,2015-12-20,user_ae022365
pet_788b8bb0,Kimberly,Rabbit,Netherland Dwarf,2024-08-21,user_a0a9f1e7
pet_55a6d324,Scott,Dog,Dachshund,2011-05-03,user_3adf4cdc
pet_71346c42,Karl,Rabbit,Mini Rex,2012-08-29,user_803a4b34
pet_d63753a4,Amanda,Bird,Parakeet,2017-11-02,user_c873ba00
pet_9601ed80,Carl,Cat,British Shorthair,2020-12-19,user_457a0203
pet_84aed1f2,Darlene,Bird,Macaw,2017-04-05,user_7feabfdb
pet_43da3874,Donald,Dog,German Shepherd,2013-02-11,user_e510c616
pet_764c5155,Lorraine,Bird,Parakeet,2023-06-20,user_79c046aa
pet_326bedb2,Courtney,Cat,Persian,2015-06-15,user_7b596707
pet_0e202128,Elizabeth,Rabbit,Netherland Dwarf,2015-12-14,user_f23b7474
pet_c4b322eb,Donna,Bird,Macaw,2016-10-22,user_8bff8506
pet_32416924,Mark,Bird,Parakeet,2015-07-25,user_d7e6aaa8
pet_0ec2e46b,Robin,Bird,Parakeet,2020-05-23,user_ae022365
pet_d9bf830c,Kayla,Bird,Finch,2014-08-31,user_577e556a
pet_ca4891ec,Amber,Cat,Persian,2014-07-11,user_52ffb17a
pet_47529218,Donald,Rabbit,Mini Rex,2016-12-18,user_d7c91612
pet_a05f2583,Caitlin,Bird,Macaw,2012-08-20,user_b5bbbf92
pet_806f864c,Daniel,Dog,Labrador,2015-04-03,user_d6dc1cd7
pet_c53347f0,Douglas,Dog,Bulldog,2019-12-19,user_975b3bfe
pet_bc3e7c4a,Earl,Bird,Cockatiel,2016-01-09,user_9c8ab32d
pet_937bccc6,Kristi,Dog,Poodle,2022-06-11,user_fe56f443
pet_ebde5928,Joshua,Rabbit,Holland Lop,2011-12-29,user_f510685e
pet_a54cf6a2,Stephanie,Dog,German Shepherd,2014-05-25,user_8a3e021b
pet_3027b430,Aaron,Dog,German Shepherd,2017-02-17,user_6764aa35
pet_6d5690fb,Jose,Cat,Persian,2013-05-17,user_273fb63a
pet_a7a4419e,Ryan,Bird,Cockatiel,2023-01-24,user_98b889ec
pet_89d73f73,Angela,Dog,Beagle,2022-04-02,user_e74254ee
pet_57d0abf7,Michael,Cat,Siamese,2010-07-26,user_3a2ad0fa
pet_95858985,Sharon,Cat,Maine Coon,2014-02-22,user_f300a35b
pet_d0ace9e0,William,Cat,Maine Coon,2020-05-21,user_5287bddf
pet_b118fe68,Justin,Cat,Persian,2018-05-04,user_df9563a5
pet_4ef99e8e,George,Bird,Finch,2017-01-24,user_9e5d8e86
pet_f4246865,Matthew,Cat,Siamese,2021-11-21,user_c03055f9
pet_358e7a64,Kimberly,Dog,Beagle,2021-12-14,user_6dfdba00
pet_ea8d9b6e,Martin,Bird,Cockatiel,2013-09-23,user_ae022365
pet_1cadf2bd,David,Cat,Bengal,2017-04-29,user_549e142a
pet_c67ac8b8,Sarah,Rabbit,Mini Rex,2025-04-02,user_96090d39
pet_12591bf9,Joe,Bird,Finch,2025-09-20,user_f28f55c4
pet_763bca39,Michele,Rabbit,Netherland Dwarf,2013-04-27,user_6b4901d2
pet_f2ea4062,Amanda,Cat,Siamese,2014-01-10,user_bd64a9b5
pet_6d3ca5dc,Margaret,Bird,Cockatiel,2018-08-31,user_4cdd11d9
pet_074e81b6,Kelly,Bird,Macaw,2019-04-09,user_17f3661f
pet_eca573b0,Mary,Rabbit,Mini Rex,2023-06-15,user_846cbb2b
pet_510889c7,Troy,Bird,Finch,2019-01-25,user_7f8b047b
pet_c3040124,Michele,Cat,Maine Coon,2010-11-28,user_c24583ba
pet_ddc156c3,Stacey,Cat,Maine Coon,2017-10-18,user_fa6d155f
pet_5552e828,Logan,Dog,Bulldog,2022-12-23,user_211fe4af
pet_fc852bf8,Ethan,Cat,Siamese,2025-06-22,user_94c8a7aa
pet_a3635c1f,Danny,Rabbit,Netherland Dwarf,2020-10-16,user_48a79050
pet_47a1e96d,Joseph,Bird,Parakeet,2013-04-19,user_4f3f9477
pet_aab12de8,Lauren,Cat,Bengal,2024-10-21,user_03c2c560
pet_cffaf85b,Michael,Dog,Poodle,2015-10-03,user_e8f448eb
pet_80c95bb8,Ryan,Cat,Ragdoll,2022-07-13,user_90225e3a
pet_3ab9355a,Rita,Dog,Dachshund,2024-06-12,user_89875a87
pet_5a41e41f,Jeffrey,Bird,Macaw,2017-08-26,user_ac9f9608
pet_a5c503c9,Theresa,Cat,Siamese,2022-03-04,user_0da65777
pet_61d7eeb8,Brian,Rabbit,Mini Rex,2009-11-27,user_21e62890
pet_07e211ec,Brandon,Dog,Rottweiler,2021-01-21,user_ba852982
pet_31da181f,Willie,Bird,Finch,2012-09-27,user_447c1c2c
pet_2b179560,Sandra,Cat,Maine Coon,2020-04-21,user_e8f448eb
pet_14468358,Katie,Bird,Macaw,2018-04-27,user_fe56f443
pet_816df4b2,Melissa,Rabbit,Holland Lop,2019-01-20,user_f0d346f7
pet_fb5a27a5,Gary,Cat,Siamese,2018-08-06,user_b7e8b1c4
pet_fb60fddc,Katie,Cat,British Shorthair,2014-06-02,user_30e0207a
pet_ab68ff95,Stacey,Cat,British Shorthair,2022-06-17,user_f0e08212
pet_7a4616ea,Joel,Bird,Cockatiel,2022-06-24,user_80c93229
pet_3d239a64,Autumn,Cat,British Shorthair,2015-12-02,user_7bb1ddac
pet_e10efaf7,Kimberly,Bird,Parakeet,2021-09-23,user_d757ff8b
pet_d33ed454,Donald,Bird,Finch,2013-08-31,user_c8e516a9
pet_ad25930d,Ronald,Cat,Siamese,2019-11-10,user_608151f5
pet_3f6fc100,Kaitlin,Dog,Beagle,2010-02-05,user_ce5bc562
pet_227f035c,Jennifer,Dog,Beagle,2020-06-16,user_6bc315b9
pet_703ab669,Omar,Bird,Finch,2017-01-11,user_e0df5b7c
pet_816af463,Sheila,Cat,British Shorthair,2010-07-17,user_43347762
pet_6f18279e,Kayla,Dog,Beagle,2012-02-13,user_535bb19f
pet_552dc3cc,Laurie,Bird,Finch,2014-08-06,user_fca5767b
pet_9451a2c4,Sarah,Rabbit,Mini Rex,2024-01-03,user_88d94f4d
pet_517b6218,Krista,Dog,German Shepherd,2021-05-23,user_937abd70
pet_205d90cb,Christine,Cat,Sphynx,2009-11-29,user_2313b6ab
pet_6ec13deb,Stacey,Bird,Parakeet,2010-10-15,user_ddcefcd2
pet_061a038e,Diana,Rabbit,Netherland Dwarf,2017-04-28,user_654f9fdf
pet_5f52ae54,Patrick,Dog,Poodle,2021-09-11,user_e6b8d279
pet_fb4c8fde,Daniel,Cat,Bengal,2025-09-03,user_d75f5d3b
pet_353e02b8,Julie,Cat,British Shorthair,2024-05-18,user_30e0207a
pet_65c03a6c,Alicia,Cat,Maine Coon,2013-01-30,user_b7e8b1c4
pet_8457bae9,Melissa,Bird,Macaw,2017-10-19,user_a165612e
pet_9f2734d2,Meghan,Cat,Siamese,2012-12-15,user_f8fd6bac
pet_26dabfb7,Beth,Rabbit,Netherland Dwarf,2019-03-04,user_7ebecc40
pet_d4f49fc2,Roger,Rabbit,Holland Lop,2013-09-26,user_f87bcf54
pet_4f34f79d,James,Dog,German Shepherd,2018-06-23,user_64275f27
pet_6337295f,James,Bird,Finch,2023-09-24,user_412e65fa
pet_2ec1dbf6,Danielle,Cat,Sphynx,2021-06-09,user_535bb19f
pet_f6da1fbb,Pamela,Bird,Parakeet,2010-11-14,user_13c817c4
pet_d6682ecd,Jeffery,Cat,British Shorthair,2013-06-01,user_a16b92ef
pet_b791034e,Marcia,Bird,Parakeet,2012-01-30,user_bb2c746a
pet_40c868ed,David,Cat,Ragdoll,2014-10-07,user_d7c91612
pet_bf0a619f,Michelle,Rabbit,Mini Rex,2010-06-13,user_e6b8d279
pet_d9adec42,Christine,Rabbit,Mini Rex,2021-02-27,user_bdf21cc6
pet_310e4145,Jim,Rabbit,Holland Lop,2019-12-24,user_9301a262
pet_ae2d6b28,Jeffrey,Dog,Bulldog,2012-11-10,user_673c90c0
pet_a17ebc8d,Sherri,Rabbit,Mini Rex,2016-08-19,user_d14d49ba
pet_77625c9b,Michelle,Dog,Labrador,2018-12-06,user_574a0e82
pet_61cf5451,Ashley,Dog,Dachshund,2023-07-23,user_af4f28eb
pet_b576da63,Teresa,Rabbit,Holland Lop,2018-08-10,user_c5b57a2b
pet_2a82716e,Paul,Rabbit,Holland Lop,2013-06-04,user_412e65fa
pet_2fb89355,John,Rabbit,Holland Lop,2023-11-07,user_79c046aa
pet_fbcf823e,Melanie,Dog,Poodle,2010-03-10,user_975b3bfe
pet_287b840f,Jennifer,Cat,Maine Coon,2012-11-14,user_dc2475ca
pet_0c05ce49,Troy,Bird,Macaw,2024-09-26,user_08d5463f
pet_edbfed33,Ruth,Dog,Poodle,2011-12-07,user_3a2ad0fa
pet_699be16a,Daniel,Bird,Parakeet,2019-07-04,user_a0f3111d
pet_bc2780f4,Parker,Cat,Maine Coon,2017-05-30,user_355c0344
pet_5d78e75d,Katie,Bird,Finch,2013-08-11,user_41f81346
pet_251fdfbc,Kimberly,Cat,British Shorthair,2020-04-22,user_8616619b
pet_c4e30911,Julie,Cat,Ragdoll,2014-04-20,user_2a1e1c88
pet_eb96a1fd,Robert,Rabbit,Holland Lop,2020-07-09,user_e20c6d90
pet_724f8728,Melissa,Bird,Macaw,2014-07-31,user_59c70df7
pet_659b5fa7,James,Cat,Bengal,2024-12-17,user_f8fd6bac
pet_5dada941,Danielle,Dog,Labrador,2018-04-27,user_72a93ff4
pet_3d9e9c56,Barbara,Rabbit,Mini Rex,2014-10-10,user_654f9fdf
pet_3feb343e,Alyssa,Rabbit,Mini Rex,2022-03-26,user_846cbb2b
pet_afd5c506,Daniel,Dog,Dachshund,2018-11-23,user_044becfb
pet_40a2d7c5,Dean,Rabbit,Mini Rex,2018-05-07,user_bdd06c3c
pet_8e2da27c,Joseph,Dog,Labrador,2023-09-28,user_654f9fdf
pet_469fad1d,Elizabeth,Dog,Rottweiler,2011-07-12,user_3fbb6038
pet_b01415c2,Patricia,Dog,German Shepherd,2020-10-11,user_4083fd6b
pet_7ac41ded,David,Bird,Finch,2013-09-22,user_17bb6928
pet_ffe23a2e,Deborah,Cat,Sphynx,2016-07-04,user_14bf7791
pet_77cecd43,Bryan,Bird,Macaw,2022-09-04,user_d7e6aaa8
pet_e22657ed,John,Dog,Labrador,2024-02-14,user_6dbb9b0a
pet_cf89512f,Adam,Dog,German Shepherd,2021-04-07,user_64275f27
pet_621a7dc4,Wanda,Cat,Persian,2016-10-10,user_2bb7a51f
pet_90979f5c,Sherry,Cat,British Shorthair,2017-07-07,user_b971a56b
pet_5483b9b8,Jay,Dog,Bulldog,2021-03-22,user_b9018c25
pet_f5f9945a,Shelia,Bird,Parakeet,2022-10-05,user_c5b57a2b
pet_50416ed8,Haley,Cat,Sphynx,2010-11-14,user_0b73da62
pet_834e3ed8,Austin,Cat,Sphynx,2024-10-05,user_608701c0
pet_7150e3ea,Sarah,Dog,Rottweiler,2014-01-03,user_6764aa35
pet_2584adc9,Elizabeth,Rabbit,Holland Lop,2024-07-03,user_65315e0b
pet_fe31ff6a,Elizabeth,Cat,Ragdoll,2016-05-03,user_3d2bd85f
pet_379416f1,Darrell,Rabbit,Mini Rex,2013-09-08,user_bb2c746a
pet_1a59849b,Bill,Cat,British Shorthair,2019-09-15,user_1c851466
pet_56640158,Amanda,Dog,Labrador,2020-10-09,user_24576c53
pet_9a38a3f1,Ralph,Dog,Labrador,2018-07-22,user_c0227cf7
pet_0c7a351a,Sarah,Rabbit,Mini Rex,2024-06-17,user_577e556a
pet_f9776afc,Eric,Dog,Poodle,2020-04-22,user_b5c3bc29
pet_6f329aa7,Angela,Rabbit,Mini Rex,2020-07-20,user_2f8c1479
pet_9a0e0dfb,Travis,Bird,Cockatiel,2010-11-28,user_ba2a2b1d
pet_a19073aa,Emily,Bird,Finch,2023-01-31,user_8f5b763b
pet_eb414bdd,Paul,Cat,Ragdoll,2019-08-01,user_0a97a42c
pet_5e0d560e,Brad,Dog,Bulldog,2023-04-28,user_569fcb9f
pet_1dcd4e35,Roberto,Bird,Macaw,2014-12-25,user_edd7aabd
pet_965ae9f5,Angela,Cat,Maine Coon,2021-11-07,user_dc2475ca
pet_d7057b4b,Robert,Dog,Golden Retriever,2023-06-21,user_5dde3b59
pet_efdf951a,Charles,Dog,Bulldog,2010-10-09,user_937abd70
pet_76c788e5,Janice,Cat,Sphynx,2012-07-02,user_7f8e0a71
pet_6801fbd4,Kelly,Cat,Siamese,2019-02-24,user_fabf43c0
pet_101eaf1a,David,Bird,Finch,2011-11-14,user_d3e81ea4
pet_577fd5f9,Derek,Cat,Siamese,2017-01-31,user_9724fdf4
pet_6336bd62,Mitchell,Cat,Persian,2020-01-12,user_044becfb
pet_eeca445d,Kevin,Dog,Golden Retriever,2025-05-24,user_35d2b182
pet_9192c0f7,Glenn,Dog,Beagle,2015-01-10,user_ad254934
pet_1de64fed,Sherri,Rabbit,Mini Rex,2018-07-31,user_c5feed9a
pet_9e4fb62f,Paul,Dog,Beagle,2025-02-11,user_ee53a594
pet_5ddaebe7,Ashley,Cat,Bengal,2021-12-12,user_877ba923
pet_eb66870f,John,Rabbit,Holland Lop,2014-08-05,user_710567eb
pet_99caf76d,Richard,Dog,Rottweiler,2017-01-09,user_b9a0f59f
pet_bfd23a0f,Heather,Dog,Dachshund,2016-09-04,user_5a7f6a7f
pet_5bfca97b,Anthony,Cat,Sphynx,2009-12-17,user_8a3e021b
pet_7258c8b2,Kenneth,Rabbit,Netherland Dwarf,2021-05-02,user_41dd348f
pet_5946c63c,David,Bird,Cockatiel,2017-07-25,user_afcda344
pet_50470926,Travis,Bird,Macaw,2017-12-29,user_715eff5d
pet_0c9931df,Gregory,Bird,Parakeet,2019-06-13,user_76d4a653
pet_cb2e5c8a,Jonathan,Cat,British Shorthair,2015-03-13,user_9c9d46e3
pet_7ef7f7cc,Jonathan,Bird,Finch,2020-07-13,user_8c17bc0b
pet_02ed7a46,David,Rabbit,Mini Rex,2022-11-22,user_710acdcd
pet_5704d9d4,David,Cat,British Shorthair,2012-08-25,user_1687f027
pet_182e3af8,Timothy,Cat,Sphynx,2018-11-12,user_ad254934
pet_755d6f70,Melissa,Dog,Dachshund,2012-07-30,user_52ffb17a
pet_8e601828,Lori,Cat,Siamese,2019-03-12,user_45d0f502
pet_bb08470b,Daniel,Bird,Parakeet,2023-05-13,user_9c8ab32d
pet_e3ee8270,Colleen,Cat,Persian,2016-10-17,user_c5feed9a
pet_4317990f,Julia,Bird,Cockatiel,2013-12-04,user_8c73298e
pet_d78648a1,Jason,Cat,Persian,2022-04-29,user_220f3d24
pet_6b0a7f75,Adam,Cat,Siamese,2021-02-14,user_5a21b307
pet_49eef539,Matthew,Dog,German Shepherd,2013-10-16,user_8c73298e
pet_fe789df3,Ryan,Cat,Maine Coon,2024-02-12,user_2999abdc
pet_f48e7e9e,Carlos,Cat,Sphynx,2023-07-27,user_baf8d82a
pet_0c395ace,Tiffany,Rabbit,Netherland Dwarf,2020-02-11,user_0b73da62
pet_1b8f0bca,Mark,Cat,British Shorthair,2014-05-25,user_30768649
pet_3d0e7651,Michelle,Rabbit,Netherland Dwarf,2025-10-21,user_a93cae19
pet_86bc76ed,Daniel,Rabbit,Mini Rex,2013-03-27,user_e0df5b7c
pet_468b12b2,Keith,Bird,Macaw,2022-12-26,user_9301a262
pet_a961a863,Renee,Rabbit,Holland Lop,2019-01-29,user_f4bdc85a
pet_e9fbc63f,Kristopher,Dog,Golden Retriever,2018-10-12,user_2313b6ab
pet_55fe5d40,Sabrina,Dog,Beagle,2016-07-22,user_65315e0b
pet_73c90536,Travis,Bird,Parakeet,2012-11-11,user_b632ca38
pet_c360f962,Jonathan,Rabbit,Holland Lop,2011-06-29,user_682d2410
pet_4e4834df,Jeff,Cat,Maine Coon,2019-09-05,user_a0f3111d
pet_5b56d139,Autumn,Bird,Macaw,2014-10-19,user_7bc84333
pet_f9a93638,Robert,Cat,Bengal,2010-05-19,user_b8cbc068
pet_5532dd1a,Vernon,Rabbit,Mini Rex,2013-04-19,user_15522ab6
pet_8fe87b40,Lisa,Dog,Beagle,2022-03-20,user_c58444aa
pet_cafa0656,Caitlin,Rabbit,Holland Lop,2021-03-27,user_35596555
pet_7a21c50d,Teresa,Dog,Rottweiler,2018-04-11,user_f0d346f7
pet_9477fd7a,Katie,Bird,Parakeet,2015-08-05,user_7b3b3e96
pet_aedbfed2,David,Bird,Parakeet,2012-03-17,user_baf8d82a
pet_9fcc5e1f,David,Dog,Bulldog,2016-09-28,user_8adf256d
pet_1428a591,Roger,Dog,Poodle,2025-06-11,user_d3e81ea4
pet_79b053d6,Melissa,Bird,Finch,2024-03-08,user_d9f5c2de
pet_02a0bfe5,Shelia,Bird,Macaw,2011-12-25,user_a2238633
pet_32a2c266,Arthur,Rabbit,Holland Lop,2018-09-24,user_efbff446
pet_d5570a4d,Michael,Rabbit,Mini Rex,2013-07-13,user_8d76e47d
pet_6db2963c,Robert,Cat,Bengal,2024-12-03,user_02f84f0d
pet_ba8fe76e,Robin,Bird,Cockatiel,2023-06-26,user_b8cf6873
pet_2fe54f76,Donna,Dog,Bulldog,2016-03-01,user_4a5a45a8
pet_f5f14d4c,Debra,Dog,Rottweiler,2024-01-02,user_710567eb
pet_ebf31898,Christopher,Rabbit,Netherland Dwarf,2012-08-18,user_c0227cf7
pet_a4de46ad,Eric,Dog,Dachshund,2016-07-27,user_5c8fad6f
pet_e465e577,Jennifer,Cat,Persian,2022-12-24,user_8adf256d
pet_97ee03f0,Charles,Dog,German Shepherd,2016-11-12,user_94c32b3b
pet_699decdb,Thomas,Cat,Persian,2025-02-15,user_fabf43c0
pet_df49e59f,Troy,Rabbit,Holland Lop,2023-07-23,user_220ef560
pet_d6b409d9,Shannon,Dog,Beagle,2019-09-14,user_0ac481d1
pet_f0f209ca,Amy,Bird,Macaw,2023-09-30,user_fa6d155f
pet_55a2ce57,Aaron,Dog,Golden Retriever,2022-11-01,user_8bff8506
pet_0d16c8c7,Natalie,Cat,Ragdoll,2011-07-31,user_8616619b
pet_9cf48340,Maria,Bird,Macaw,2011-10-28,user_b0bf6339
pet_4aa5717c,Cory,Cat,Sphynx,2012-06-13,user_5ccb7fb2
pet_69fa32df,Thomas,Bird,Finch,2016-05-13,user_c24583ba
pet_b3ee0237,John,Dog,Bulldog,2023-10-01,user_355c0344
pet_9945ee2e,Linda,Dog,Poodle,2022-04-26,user_a165612e
pet_315bd017,Lisa,Cat,Persian,2016-07-07,user_9621ea08
pet_aa372241,Crystal,Bird,Cockatiel,2024-10-14,user_e6bf367f
pet_86876042,Amanda,Dog,Beagle,2019-06-23,user_839f8082
pet_0ace98b8,Kelly,Bird,Parakeet,2017-09-03,user_4f56770a
pet_ba8dfcd0,Tina,Rabbit,Mini Rex,2023-09-09,user_75b7981d
pet_f8b07131,Lauren,Bird,Cockatiel,2023-03-13,user_d14d49ba
pet_789dfb3d,Denise,Bird,Finch,2023-08-06,user_f7110e74
pet_a4b06863,Christopher,Cat,Bengal,2013-10-08,user_d14d49ba
pet_c4431d65,Jerry,Dog,Rottweiler,2012-07-11,user_43347762
pet_d00b2817,Christopher,Cat,Sphynx,2010-02-08,user_aa33c894
pet_b90a2394,Brittney,Bird,Macaw,2024-11-01,user_30bba31b
pet_00ae5b97,Amber,Bird,Cockatiel,2025-06-27,user_a0f3111d
pet_ff2c25f0,Lindsey,Bird,Cockatiel,2016-12-06,user_c297aefc
pet_2548a3ff,Cathy,Rabbit,Netherland Dwarf,2016-05-30,user_84194b6d
pet_dc2bffbf,Tony,Dog,Bulldog,2023-11-06,user_fdada35c
pet_62dc93fb,Karen,Dog,Rottweiler,2021-08-25,user_3bad2297
pet_258d4127,Sharon,Cat,Maine Coon,2021-07-24,user_220ef560
pet_72f85484,Hannah,Cat,British Shorthair,2017-09-25,user_b8cf6873
pet_2f696ff2,Meghan,Dog,Labrador,2014-10-16,user_8b333720
pet_d1ce9b89,April,Dog,Rottweiler,2018-10-24,user_894bbc47
pet_9d8fe3fb,Kevin,Rabbit,Mini Rex,2019-06-12,user_e8f448eb
pet_874e5208,Jacqueline,Bird,Finch,2024-05-29,user_5e656aa8
pet_3659da88,Patrick,Bird,Parakeet,2025-02-11,user_554ccc4e
pet_72eb17bc,Anthony,Bird,Parakeet,2017-09-01,user_f6a3219c
pet_940a0278,Tiffany,Bird,Finch,2014-10-21,user_65b2d2fa
pet_0a95dfde,Jeffrey,Rabbit,Mini Rex,2021-02-07,user_7ab0a141
pet_b1300fd4,Kelly,Bird,Macaw,2025-10-25,user_a0ac281c
pet_ca67f253,Sharon,Cat,Ragdoll,2014-09-04,user_8adf256d
pet_8ff26e2c,Bruce,Rabbit,Holland Lop,2013-05-01,user_d2982515
pet_d8f61237,Michelle,Cat,Maine Coon,2014-05-23,user_ad254934
pet_2e1d0ac7,Christopher,Cat,Ragdoll,2020-11-10,user_4083fd6b
pet_714d8eeb,Steven,Dog,Labrador,2011-07-10,user_ac9f9608
pet_5df10428,Brian,Dog,Golden Retriever,2019-03-05,user_e4288b9d
pet_764de6a7,Erica,Rabbit,Netherland Dwarf,2011-03-06,user_5a21b307
pet_0010e912,Mary,Cat,Persian,2020-04-15,user_64275f27
pet_346f9f2f,Devin,Bird,Finch,2016-10-03,user_d88df8ba
pet_f0ae0ce5,Krystal,Cat,Persian,2010-02-18,user_a93cae19
